,Afghanistan,Albania,Algeria,Andorra,Angola,Anguilla,Antigua and Barbuda,Argentina,Armenia,Aruba,Australia,Austria,Azerbaijan,Bahamas,Bahrain,Bangladesh,Barbados,Belarus,Belgium,Belize,Benin,Bermuda,Bhutan,"Bonaire, Saint Eustatius and Saba",Bosnia and Herzegovina,Botswana,Brazil,British Virgin Islands,Brunei Darussalam,Bulgaria,Burkina Faso,Burundi,Cambodia,Canada,Cape Verde,Cayman Islands,Central African Republic,Chad,Chile,China,Colombia,Comoros,Congo,Cook Islands,Costa Rica,Côte d'Ivoire,Croatia,Cuba,Curaçao,Cyprus,Czech Republic,North Korea,Democratic Republic of the Congo,Denmark,Djibouti,Dominica,Dominican Republic,Ecuador,Egypt,El Salvador,Equatorial Guinea,Eritrea,Estonia,Ethiopia,Faeroe Islands,Falkland Islands (Malvinas),Micronesia (Federated States of),Fiji,Finland,France,French Guiana,French Polynesia,Gabon,Gambia,Georgia,Germany,Ghana,Gibraltar,Greece,Greenland,Grenada,Guadeloupe,Guatemala,Guinea,Guinea-Bissau,Guyana,Haiti,Honduras,Hong Kong,Hungary,Iceland,India,Indonesia,Iraq,Ireland,Iran,Israel,Italy,Jamaica,Japan,Jordan,Kazakhstan,Kenya,Kiribati,Kuwait,Kyrgyzstan,Laos,Latvia,Lebanon,Lesotho,Liberia,Libya,Liechtenstein,Lithuania,Luxembourg,Macao,Macedonia (Republic of),Madagascar,Malawi,Malaysia,Maldives,Mali,Malta,Marshall Islands,Martinique,Mauritania,Mauritius,Mexico,Mongolia,Montenegro,Montserrat,Morocco,Mozambique,Myanmar,Namibia,Nauru,Nepal,Netherlands,New Caledonia,New Zealand,Nicaragua,Niger,Nigeria,Niue,Norway,Occupied Palestinian Territory,Oman,Pakistan,Palau,Panama,Papua New Guinea,Paraguay,Peru,Philippines,Bolivia,Poland,Portugal,Qatar,Cameroon,South Korea,Moldova,South Sudan,Sudan,Réunion,Romania,Russian Federation,Rwanda,Saint Helena,Saint Lucia,Sint Maarten (Dutch part),Samoa,Sao Tome and Principe,Saudi Arabia,Senegal,Serbia,Seychelles,Sierra Leone,Singapore,Slovakia,Slovenia,Solomon Islands,Somalia,South Africa,Spain,Sri Lanka,Saint Kitts and Nevis,Saint Pierre and Miquelon,Saint Vincent and the Grenadines,Suriname,Swaziland,Sweden,Switzerland,Syria,Taiwan,Tajikistan,Thailand,Timor-Leste,Togo,Tonga,Trinidad and Tobago,Tunisia,Turkey,Turkmenistan,Turks and Caicos Islands,Uganda,Ukraine,United Arab Emirates,United Kingdom,Tanzania,USA,Uruguay,Uzbekistan,Vanuatu,Venezuela,Viet Nam,Wallis and Futuna Islands,Yemen,Zambia,Zimbabwe,KP Annex B,Non KP Annex B,OECD,Non-OECD,EU28,Africa,Asia,Central America,Europe,Middle East,North America,Oceania,South America
1959,,,,,,,,,,,,,,,,,,,,,,,,,,,,,,,,,,,,,,,,,,,,,,,,,,,,,,,,,,,,,,,,,,,,,,,,,,,,,,,,,,,,,,,,,,,,,,,,,,,,,,,,,,,,,,,,,,,,,,,,,,,,,,,,,,,,,,,,,,,,,,,,,,,,,,,,,,,,,,,,,,,,,,,,,,,,,,,,,,,,,,,,,,,,,,,,,,,,,,,,,,,,,,,,,,,,,,,,,,,,,,,,,,,,,,,,
1960,,,,,,,,,,,,,,,,,,,,,,,,,,,,,,,,,,,,,,,,,,,,,,,,,,,,,,,,,,,,,,,,,,,,,,,,,,,,,,,,,,,,,,,,,,,,,,,,,,,,,,,,,,,,,,,,,,,,,,,,,,,,,,,,,,,,,,,,,,,,,,,,,,,,,,,,,,,,,,,,,,,,,,,,,,,,,,,,,,,,,,,,,,,,,,,,,,,,,,,,,,,,,,,,,,,,,,,,,,,,,,,,,,,,,,,,
1961,,,,,,,,,,,,,,,,,,,,,,,,,,,,,,,,,,,,,,,,,,,,,,,,,,,,,,,,,,,,,,,,,,,,,,,,,,,,,,,,,,,,,,,,,,,,,,,,,,,,,,,,,,,,,,,,,,,,,,,,,,,,,,,,,,,,,,,,,,,,,,,,,,,,,,,,,,,,,,,,,,,,,,,,,,,,,,,,,,,,,,,,,,,,,,,,,,,,,,,,,,,,,,,,,,,,,,,,,,,,,,,,,,,,,,,,
1962,,,,,,,,,,,,,,,,,,,,,,,,,,,,,,,,,,,,,,,,,,,,,,,,,,,,,,,,,,,,,,,,,,,,,,,,,,,,,,,,,,,,,,,,,,,,,,,,,,,,,,,,,,,,,,,,,,,,,,,,,,,,,,,,,,,,,,,,,,,,,,,,,,,,,,,,,,,,,,,,,,,,,,,,,,,,,,,,,,,,,,,,,,,,,,,,,,,,,,,,,,,,,,,,,,,,,,,,,,,,,,,,,,,,,,,,
1963,,,,,,,,,,,,,,,,,,,,,,,,,,,,,,,,,,,,,,,,,,,,,,,,,,,,,,,,,,,,,,,,,,,,,,,,,,,,,,,,,,,,,,,,,,,,,,,,,,,,,,,,,,,,,,,,,,,,,,,,,,,,,,,,,,,,,,,,,,,,,,,,,,,,,,,,,,,,,,,,,,,,,,,,,,,,,,,,,,,,,,,,,,,,,,,,,,,,,,,,,,,,,,,,,,,,,,,,,,,,,,,,,,,,,,,,
1964,,,,,,,,,,,,,,,,,,,,,,,,,,,,,,,,,,,,,,,,,,,,,,,,,,,,,,,,,,,,,,,,,,,,,,,,,,,,,,,,,,,,,,,,,,,,,,,,,,,,,,,,,,,,,,,,,,,,,,,,,,,,,,,,,,,,,,,,,,,,,,,,,,,,,,,,,,,,,,,,,,,,,,,,,,,,,,,,,,,,,,,,,,,,,,,,,,,,,,,,,,,,,,,,,,,,,,,,,,,,,,,,,,,,,,,,
1965,,,,,,,,,,,,,,,,,,,,,,,,,,,,,,,,,,,,,,,,,,,,,,,,,,,,,,,,,,,,,,,,,,,,,,,,,,,,,,,,,,,,,,,,,,,,,,,,,,,,,,,,,,,,,,,,,,,,,,,,,,,,,,,,,,,,,,,,,,,,,,,,,,,,,,,,,,,,,,,,,,,,,,,,,,,,,,,,,,,,,,,,,,,,,,,,,,,,,,,,,,,,,,,,,,,,,,,,,,,,,,,,,,,,,,,,
1966,,,,,,,,,,,,,,,,,,,,,,,,,,,,,,,,,,,,,,,,,,,,,,,,,,,,,,,,,,,,,,,,,,,,,,,,,,,,,,,,,,,,,,,,,,,,,,,,,,,,,,,,,,,,,,,,,,,,,,,,,,,,,,,,,,,,,,,,,,,,,,,,,,,,,,,,,,,,,,,,,,,,,,,,,,,,,,,,,,,,,,,,,,,,,,,,,,,,,,,,,,,,,,,,,,,,,,,,,,,,,,,,,,,,,,,,
1967,,,,,,,,,,,,,,,,,,,,,,,,,,,,,,,,,,,,,,,,,,,,,,,,,,,,,,,,,,,,,,,,,,,,,,,,,,,,,,,,,,,,,,,,,,,,,,,,,,,,,,,,,,,,,,,,,,,,,,,,,,,,,,,,,,,,,,,,,,,,,,,,,,,,,,,,,,,,,,,,,,,,,,,,,,,,,,,,,,,,,,,,,,,,,,,,,,,,,,,,,,,,,,,,,,,,,,,,,,,,,,,,,,,,,,,,
1968,,,,,,,,,,,,,,,,,,,,,,,,,,,,,,,,,,,,,,,,,,,,,,,,,,,,,,,,,,,,,,,,,,,,,,,,,,,,,,,,,,,,,,,,,,,,,,,,,,,,,,,,,,,,,,,,,,,,,,,,,,,,,,,,,,,,,,,,,,,,,,,,,,,,,,,,,,,,,,,,,,,,,,,,,,,,,,,,,,,,,,,,,,,,,,,,,,,,,,,,,,,,,,,,,,,,,,,,,,,,,,,,,,,,,,,,
1969,,,,,,,,,,,,,,,,,,,,,,,,,,,,,,,,,,,,,,,,,,,,,,,,,,,,,,,,,,,,,,,,,,,,,,,,,,,,,,,,,,,,,,,,,,,,,,,,,,,,,,,,,,,,,,,,,,,,,,,,,,,,,,,,,,,,,,,,,,,,,,,,,,,,,,,,,,,,,,,,,,,,,,,,,,,,,,,,,,,,,,,,,,,,,,,,,,,,,,,,,,,,,,,,,,,,,,,,,,,,,,,,,,,,,,,,
1970,,,,,,,,,,,,,,,,,,,,,,,,,,,,,,,,,,,,,,,,,,,,,,,,,,,,,,,,,,,,,,,,,,,,,,,,,,,,,,,,,,,,,,,,,,,,,,,,,,,,,,,,,,,,,,,,,,,,,,,,,,,,,,,,,,,,,,,,,,,,,,,,,,,,,,,,,,,,,,,,,,,,,,,,,,,,,,,,,,,,,,,,,,,,,,,,,,,,,,,,,,,,,,,,,,,,,,,,,,,,,,,,,,,,,,,,
1971,,,,,,,,,,,,,,,,,,,,,,,,,,,,,,,,,,,,,,,,,,,,,,,,,,,,,,,,,,,,,,,,,,,,,,,,,,,,,,,,,,,,,,,,,,,,,,,,,,,,,,,,,,,,,,,,,,,,,,,,,,,,,,,,,,,,,,,,,,,,,,,,,,,,,,,,,,,,,,,,,,,,,,,,,,,,,,,,,,,,,,,,,,,,,,,,,,,,,,,,,,,,,,,,,,,,,,,,,,,,,,,,,,,,,,,,
1972,,,,,,,,,,,,,,,,,,,,,,,,,,,,,,,,,,,,,,,,,,,,,,,,,,,,,,,,,,,,,,,,,,,,,,,,,,,,,,,,,,,,,,,,,,,,,,,,,,,,,,,,,,,,,,,,,,,,,,,,,,,,,,,,,,,,,,,,,,,,,,,,,,,,,,,,,,,,,,,,,,,,,,,,,,,,,,,,,,,,,,,,,,,,,,,,,,,,,,,,,,,,,,,,,,,,,,,,,,,,,,,,,,,,,,,,
1973,,,,,,,,,,,,,,,,,,,,,,,,,,,,,,,,,,,,,,,,,,,,,,,,,,,,,,,,,,,,,,,,,,,,,,,,,,,,,,,,,,,,,,,,,,,,,,,,,,,,,,,,,,,,,,,,,,,,,,,,,,,,,,,,,,,,,,,,,,,,,,,,,,,,,,,,,,,,,,,,,,,,,,,,,,,,,,,,,,,,,,,,,,,,,,,,,,,,,,,,,,,,,,,,,,,,,,,,,,,,,,,,,,,,,,,,
1974,,,,,,,,,,,,,,,,,,,,,,,,,,,,,,,,,,,,,,,,,,,,,,,,,,,,,,,,,,,,,,,,,,,,,,,,,,,,,,,,,,,,,,,,,,,,,,,,,,,,,,,,,,,,,,,,,,,,,,,,,,,,,,,,,,,,,,,,,,,,,,,,,,,,,,,,,,,,,,,,,,,,,,,,,,,,,,,,,,,,,,,,,,,,,,,,,,,,,,,,,,,,,,,,,,,,,,,,,,,,,,,,,,,,,,,,
1975,,,,,,,,,,,,,,,,,,,,,,,,,,,,,,,,,,,,,,,,,,,,,,,,,,,,,,,,,,,,,,,,,,,,,,,,,,,,,,,,,,,,,,,,,,,,,,,,,,,,,,,,,,,,,,,,,,,,,,,,,,,,,,,,,,,,,,,,,,,,,,,,,,,,,,,,,,,,,,,,,,,,,,,,,,,,,,,,,,,,,,,,,,,,,,,,,,,,,,,,,,,,,,,,,,,,,,,,,,,,,,,,,,,,,,,,
1976,,,,,,,,,,,,,,,,,,,,,,,,,,,,,,,,,,,,,,,,,,,,,,,,,,,,,,,,,,,,,,,,,,,,,,,,,,,,,,,,,,,,,,,,,,,,,,,,,,,,,,,,,,,,,,,,,,,,,,,,,,,,,,,,,,,,,,,,,,,,,,,,,,,,,,,,,,,,,,,,,,,,,,,,,,,,,,,,,,,,,,,,,,,,,,,,,,,,,,,,,,,,,,,,,,,,,,,,,,,,,,,,,,,,,,,,
1977,,,,,,,,,,,,,,,,,,,,,,,,,,,,,,,,,,,,,,,,,,,,,,,,,,,,,,,,,,,,,,,,,,,,,,,,,,,,,,,,,,,,,,,,,,,,,,,,,,,,,,,,,,,,,,,,,,,,,,,,,,,,,,,,,,,,,,,,,,,,,,,,,,,,,,,,,,,,,,,,,,,,,,,,,,,,,,,,,,,,,,,,,,,,,,,,,,,,,,,,,,,,,,,,,,,,,,,,,,,,,,,,,,,,,,,,
1978,,,,,,,,,,,,,,,,,,,,,,,,,,,,,,,,,,,,,,,,,,,,,,,,,,,,,,,,,,,,,,,,,,,,,,,,,,,,,,,,,,,,,,,,,,,,,,,,,,,,,,,,,,,,,,,,,,,,,,,,,,,,,,,,,,,,,,,,,,,,,,,,,,,,,,,,,,,,,,,,,,,,,,,,,,,,,,,,,,,,,,,,,,,,,,,,,,,,,,,,,,,,,,,,,,,,,,,,,,,,,,,,,,,,,,,,
1979,,,,,,,,,,,,,,,,,,,,,,,,,,,,,,,,,,,,,,,,,,,,,,,,,,,,,,,,,,,,,,,,,,,,,,,,,,,,,,,,,,,,,,,,,,,,,,,,,,,,,,,,,,,,,,,,,,,,,,,,,,,,,,,,,,,,,,,,,,,,,,,,,,,,,,,,,,,,,,,,,,,,,,,,,,,,,,,,,,,,,,,,,,,,,,,,,,,,,,,,,,,,,,,,,,,,,,,,,,,,,,,,,,,,,,,,
1980,,,,,,,,,,,,,,,,,,,,,,,,,,,,,,,,,,,,,,,,,,,,,,,,,,,,,,,,,,,,,,,,,,,,,,,,,,,,,,,,,,,,,,,,,,,,,,,,,,,,,,,,,,,,,,,,,,,,,,,,,,,,,,,,,,,,,,,,,,,,,,,,,,,,,,,,,,,,,,,,,,,,,,,,,,,,,,,,,,,,,,,,,,,,,,,,,,,,,,,,,,,,,,,,,,,,,,,,,,,,,,,,,,,,,,,,
1981,,,,,,,,,,,,,,,,,,,,,,,,,,,,,,,,,,,,,,,,,,,,,,,,,,,,,,,,,,,,,,,,,,,,,,,,,,,,,,,,,,,,,,,,,,,,,,,,,,,,,,,,,,,,,,,,,,,,,,,,,,,,,,,,,,,,,,,,,,,,,,,,,,,,,,,,,,,,,,,,,,,,,,,,,,,,,,,,,,,,,,,,,,,,,,,,,,,,,,,,,,,,,,,,,,,,,,,,,,,,,,,,,,,,,,,,
1982,,,,,,,,,,,,,,,,,,,,,,,,,,,,,,,,,,,,,,,,,,,,,,,,,,,,,,,,,,,,,,,,,,,,,,,,,,,,,,,,,,,,,,,,,,,,,,,,,,,,,,,,,,,,,,,,,,,,,,,,,,,,,,,,,,,,,,,,,,,,,,,,,,,,,,,,,,,,,,,,,,,,,,,,,,,,,,,,,,,,,,,,,,,,,,,,,,,,,,,,,,,,,,,,,,,,,,,,,,,,,,,,,,,,,,,,
1983,,,,,,,,,,,,,,,,,,,,,,,,,,,,,,,,,,,,,,,,,,,,,,,,,,,,,,,,,,,,,,,,,,,,,,,,,,,,,,,,,,,,,,,,,,,,,,,,,,,,,,,,,,,,,,,,,,,,,,,,,,,,,,,,,,,,,,,,,,,,,,,,,,,,,,,,,,,,,,,,,,,,,,,,,,,,,,,,,,,,,,,,,,,,,,,,,,,,,,,,,,,,,,,,,,,,,,,,,,,,,,,,,,,,,,,,
1984,,,,,,,,,,,,,,,,,,,,,,,,,,,,,,,,,,,,,,,,,,,,,,,,,,,,,,,,,,,,,,,,,,,,,,,,,,,,,,,,,,,,,,,,,,,,,,,,,,,,,,,,,,,,,,,,,,,,,,,,,,,,,,,,,,,,,,,,,,,,,,,,,,,,,,,,,,,,,,,,,,,,,,,,,,,,,,,,,,,,,,,,,,,,,,,,,,,,,,,,,,,,,,,,,,,,,,,,,,,,,,,,,,,,,,,,
1985,,,,,,,,,,,,,,,,,,,,,,,,,,,,,,,,,,,,,,,,,,,,,,,,,,,,,,,,,,,,,,,,,,,,,,,,,,,,,,,,,,,,,,,,,,,,,,,,,,,,,,,,,,,,,,,,,,,,,,,,,,,,,,,,,,,,,,,,,,,,,,,,,,,,,,,,,,,,,,,,,,,,,,,,,,,,,,,,,,,,,,,,,,,,,,,,,,,,,,,,,,,,,,,,,,,,,,,,,,,,,,,,,,,,,,,,
1986,,,,,,,,,,,,,,,,,,,,,,,,,,,,,,,,,,,,,,,,,,,,,,,,,,,,,,,,,,,,,,,,,,,,,,,,,,,,,,,,,,,,,,,,,,,,,,,,,,,,,,,,,,,,,,,,,,,,,,,,,,,,,,,,,,,,,,,,,,,,,,,,,,,,,,,,,,,,,,,,,,,,,,,,,,,,,,,,,,,,,,,,,,,,,,,,,,,,,,,,,,,,,,,,,,,,,,,,,,,,,,,,,,,,,,,,
1987,,,,,,,,,,,,,,,,,,,,,,,,,,,,,,,,,,,,,,,,,,,,,,,,,,,,,,,,,,,,,,,,,,,,,,,,,,,,,,,,,,,,,,,,,,,,,,,,,,,,,,,,,,,,,,,,,,,,,,,,,,,,,,,,,,,,,,,,,,,,,,,,,,,,,,,,,,,,,,,,,,,,,,,,,,,,,,,,,,,,,,,,,,,,,,,,,,,,,,,,,,,,,,,,,,,,,,,,,,,,,,,,,,,,,,,,
1988,,,,,,,,,,,,,,,,,,,,,,,,,,,,,,,,,,,,,,,,,,,,,,,,,,,,,,,,,,,,,,,,,,,,,,,,,,,,,,,,,,,,,,,,,,,,,,,,,,,,,,,,,,,,,,,,,,,,,,,,,,,,,,,,,,,,,,,,,,,,,,,,,,,,,,,,,,,,,,,,,,,,,,,,,,,,,,,,,,,,,,,,,,,,,,,,,,,,,,,,,,,,,,,,,,,,,,,,,,,,,,,,,,,,,,,,
1989,,,,,,,,,,,,,,,,,,,,,,,,,,,,,,,,,,,,,,,,,,,,,,,,,,,,,,,,,,,,,,,,,,,,,,,,,,,,,,,,,,,,,,,,,,,,,,,,,,,,,,,,,,,,,,,,,,,,,,,,,,,,,,,,,,,,,,,,,,,,,,,,,,,,,,,,,,,,,,,,,,,,,,,,,,,,,,,,,,,,,,,,,,,,,,,,,,,,,,,,,,,,,,,,,,,,,,,,,,,,,,,,,,,,,,,,
1990,,1.4479363285675215,,,,,,31.14464332579209,1.1486721191936646,,66.9708242981843,24.14261023109655,9.46476673436955,,3.185704375282858,5.360051325546636,,15.215493941904148,42.32042566899719,,0.2805658509569638,,,,,0.7369999999999999,64.40654215699563,,1.2749275623713023,17.260822583790176,0.21616314075091134,,0.5880022761348475,133.992322794559,,,,,8.905961757642437,621.2771400865354,17.46180284927596,,,,1.4093104488183843,1.8660575223594484,5.814117814668602,,,1.5455487673349775,41.407412778744764,,,17.06088382451718,,,2.631670254472141,4.543224154458802,22.65141668263814,1.1057570917394912,,,8.52950732993648,1.0740519916619913,,,,,22.05100038783316,136.29880450149784,,,,,2.9167335462635395,326.677988266043,1.324755966762987,,26.333528562249104,,,,1.8335427033774832,0.288,,,,0.9122431548021266,24.001836334663064,24.48314872251614,,168.41539065036667,39.34837321421124,,10.837881114198618,55.45137680323943,13.711775570817954,153.30341315923982,1.93235489956365,360.9120121268923,4.37697028593591,78.46158300068832,2.2485253502451457,,13.122795678806693,4.197891434895899,0.1562834762082532,5.814285307337722,,,,,,11.750536020842198,3.264602613521823,,,0.3783060929511444,0.40097727417361484,18.971310975435557,,,0.7991578114804744,,,,0.7253024600749155,86.37797087720936,2.483394797537724,,,8.864204884423263,0.9050766659520038,,0.011,,0.3007365257275334,55.12051049259236,,7.3703478288893285,0.8337620497716042,,9.72375093776556,,12.109365812631518,,3.559574128195066,19.965176472969237,,0.794580053069455,,0.9847642170274225,6.461659669661645,16.940792734655965,1.4715348233622378,88.67576842620498,14.277340987948044,3.0388881965047636,0.6538936539027277,87.140027605777,,,,,43.69104130946727,567.9897648093416,0.148,,,,,,55.11743825917438,0.9134466876792889,,,,20.09040181925998,19.779495917795032,4.352706819889313,,,61.56724159713199,72.60438162885063,1.7167222393455428,,,,,,23.412591269360707,23.372410876447162,,47.91543119998417,,33.662277174975266,,0.2983783064537339,,3.2060882062018266,4.464031210743151,57.724110543204695,,,0.4316255285832898,135.39782689064586,14.548163828358428,180.98487282501338,1.0044447662904588,1376.3419848180995,1.3431612170464324,,,25.698289012726068,6.401531695478161,,,0.7755603191190338,4.936366035785231,4065.5183825690433,2042.3167548993301,3530.847990438401,2576.1753032807737,1382.5943851429674,162.30315857904947,1665.1856581726556,27.536964965559587,2168.2751795249487,247.57732239292514,1597.2391773610668,76.09955735851618,163.61323251458265
1991,,1.2472796724940192,,,,,,33.096117901866094,1.0265154286525013,,67.18367876815411,24.619380512826076,7.18908061120482,,3.2414362007901145,5.588936064360128,,16.610042354882495,42.62661121350054,,0.31344067811497145,,,,,0.719,66.03707049917138,,1.1637560184775504,12.073937727971265,0.22905860431229425,,0.6045082873196982,133.55337992892652,,,,,8.57551538514524,647.6948037484228,16.922636495872105,,,,1.4313041692335495,1.829059184651658,4.314436301342759,,,1.5814508422486635,36.2943000291213,,,18.055766446985203,,,2.8233329815689263,4.485264699845277,21.820666492303165,1.2632660574397583,,,8.061838372775547,1.083528654462831,,,,,20.356513906052975,139.37608878346893,,,,,3.234449505526462,312.9672540060954,1.3655634626956512,,26.04893920455888,,,,1.833509766257411,0.2929999999999999,,,,0.9471370790872681,25.766746004716644,22.361356217856066,,174.5642376702404,45.20462478356221,,11.254420607249584,59.75614787769599,13.902398966274948,151.95526176595783,1.9375336309877513,364.8222479931371,3.904543198836174,58.04408275960537,2.016765048790342,,4.920990041695131,4.1999115982354125,0.17285180501809644,5.3639941826212,,,,,,12.47055802290429,3.4081008571027653,,,0.3986819977854448,0.4084707332760339,21.017136462110027,,,0.8180861847676849,,,,0.7604890539380615,90.87599779729071,2.4357524747743033,,,8.952839528609008,0.8739930535586928,,0.28799999999999987,,0.40762378117138726,57.24234558873576,,7.414806391674886,0.7116641075867289,,10.338552883444434,,11.394368851008348,,3.7891797352520658,19.434817570307775,,0.8252765500333626,,1.0030996027448655,6.35834684775844,16.952784518242883,1.5404133064916812,92.71484414419521,14.818189371964818,4.409792024537626,0.5008035150101222,90.39373204906337,,,,,35.446583233461965,572.3149820735938,0.133,,,,,,67.08210266927973,0.9787289266292186,,,,20.797768677926086,15.497410596944226,4.150151513951217,,,66.67781147581658,74.0491232067126,1.8935244563960894,,,,,,23.107064268869983,23.890524784992735,,48.179997070432215,,34.223325647234795,,0.32559053216594147,,4.125054761400114,4.7387370806877644,56.84241599549683,,,0.440968911814111,123.18168621889548,15.857200775943804,182.93061074185363,1.061130584878723,1354.7762116050835,1.4869646502850071,,,26.69806635426361,6.369810381342018,,,0.8366125049757516,4.895900282467456,4010.890397959246,2091.3401779577202,3505.5208498730262,2595.916295525239,1353.9646178520964,168.64014479953568,1692.7699296181547,28.476399199912382,2126.4857049456,262.2427456329579,1579.742156150223,76.39415921707122,167.47341707979123
1992,,0.7834801628318854,,,,,,35.29573150666603,0.9562869652229639,,67.91718919219113,25.169316332370652,3.7811285735123636,,3.101507571376051,6.263325170386513,,11.57460867147006,47.44353507321937,,0.33373426583923077,,,,,0.7579999999999999,66.01734838650908,,1.2500143907353718,11.56087203584091,0.23400786561009063,,0.6243058519870553,137.39400179286025,,,,,9.236385518252446,704.505564562896,18.777508745673845,,,,1.5697261377009553,1.8038740943168063,4.973294033378419,,,1.9246245047034214,38.77659677123955,,,19.005656900602947,,,3.0779233566252695,5.651427765165187,24.3216806950186,1.3491844557793287,,,6.554911024920508,1.1049147278740408,,,,,28.268471092972554,150.3945569529186,,,,,2.591744405890273,329.7655244233143,1.3866019004789516,,28.434407784179992,,,,2.2058802451996953,0.2929999999999999,,,,1.0821796465438043,28.100692917557776,25.380910415688835,,188.662177732749,51.69978678650472,,11.641666581946824,60.32823339424254,16.11849384428443,165.50791011740566,1.8317129370727776,388.9442858652457,4.704035049955784,36.69460123251926,2.3244386192098556,,7.224915293964345,4.896807067386093,0.18648619749900638,4.991304885966101,,,,,,14.283419365643647,3.3487670476399547,,,0.39986625197359565,0.4049032729088967,23.3959279063595,,,0.8961465420688008,,,,0.8408369880700142,92.89678485120606,2.529769336949236,,,10.27247458891186,0.8366405554536083,,0.3139999999999999,,0.5043544942728541,65.21774422968139,,7.780764641441125,0.8597540637614831,,16.2209605117884,,14.080178213122064,,3.8780619177917415,21.33146791642293,,0.960654345658017,,1.1262070405073166,6.394050714691039,20.817825033649267,1.7785926000371874,95.0847781225376,16.514720522913432,6.317500646374337,1.17914742199886,104.99692831696204,,,,,32.580625085029716,213.9887419130796,0.133,,,,,,71.6233147783278,1.0121278811655434,,,,23.557261978330164,14.954205941422295,5.244819918798952,,,62.46969577480728,80.08659401720448,2.1512066003154113,,,,,,25.82858446545719,25.8495650294,,61.201226183134345,,43.88778602790875,,0.3355151714884123,,4.159749169506227,5.915387697129548,66.45282337320717,,,0.4548911161646437,118.4318683877554,16.46069693521412,187.74097854931085,1.044094340210668,1405.8966542696523,1.678398402443266,,,26.00764256671865,6.379248152703961,,,0.8564367528846657,4.952402966978272,3819.9729192096315,2241.01616248913,3707.9287111935705,2352.1248722919104,1441.5749427383766,176.99051092386497,1823.270414154306,30.640575425271038,1851.4077014614993,291.245256187391,1636.7020672455749,77.49539470242556,173.2311921010486
1993,,0.7180800362268025,,,,,,34.17452752398051,0.4987808311038071,,68.26584793869513,24.081268144293663,6.64655466729078,,3.8139124526937556,6.099888791332032,,9.915510490269153,44.684831633416884,,0.3912992791072947,,,,,0.8719999999999999,68.17792109123208,,1.3399083263412421,12.37153289571389,0.23279379859583696,,0.6064115627766473,133.71479522233815,,,,,9.887447869100109,756.5333810820968,19.339174735453703,,,,1.5815391543537636,2.0033998819777215,4.986861916221501,,,1.7237853931470377,34.638803248528134,,,18.380864857324667,,,3.256702557702998,6.324162017851536,26.03361016890251,1.423693027474499,,,4.79684252169947,1.1130430545240388,,,,,23.213674717464613,138.93963510992594,,,,,2.208814334592948,317.09992845932175,1.5269494030908901,,27.053012681694817,,,,2.0533182676453743,0.30099999999999993,,,,1.0137251683554354,27.12968540837719,23.301356645243104,,190.02698524281178,54.37899018530393,,11.062339580064481,58.67625403271738,16.208428862278417,151.52477542906132,2.0248758981556696,381.45064002356565,4.531108973829051,46.05799929017511,2.4121660360970867,,9.723270346186117,3.616848163064376,0.19454628575546998,3.950650310878596,,,,,,8.794186763465888,3.382186703142565,,,0.4167778435737827,0.43781373957929326,25.51837230200034,,,0.8825485924730793,,,,0.8702073163275622,93.15006828557618,1.6792709017342669,,,10.097563785440416,0.9155885192520027,,0.37899999999999984,,0.551547847721755,60.01900964781339,,7.792635488230147,0.8128895911996332,,15.103826261973165,,13.171308276881401,,4.335085296610144,22.584076058617686,,0.9317343573764747,,1.1611231304291287,7.1483403481858865,19.5997458564775,2.123285189285932,92.318859179386,16.091910691991366,7.353635220938367,1.2081463166693696,108.72267456956872,,,,,30.669857905815345,309.96371540141735,0.135,,,,,,79.54239978209176,1.0426975627743877,,,,23.966418625753587,13.837729230604431,4.889539996822028,,,63.35925868345711,74.51763161017023,2.1681812573300667,,,,,,23.839576998076108,23.622535626629098,,58.117199981889826,,43.13790144719026,,0.348075194763613,,3.4022645010088595,5.4894493814559535,61.94744537018333,,,0.5029020353295585,100.13773573900426,18.092146555713576,177.8746979604835,1.1198303022180645,1425.5272305649623,1.5441341295667397,,,29.761408944279985,6.94916823099033,,,0.9135165069352728,4.735687947927297,3810.8546798832917,2321.956834244959,3629.009533144536,2502.915310220769,1348.9278988242438,179.84562817129807,1883.9233166209206,29.75493476185622,1827.8042126807813,300.0046273718489,1652.911274371163,77.8784267914746,180.68307135715133
1994,,0.6375745236430929,,,,,,35.305422558111005,0.5156259188549928,,70.572722423528,24.01259914356411,5.253767694264296,,3.9364522374878734,6.719977656208744,,7.8903988951218285,44.4743483230825,,0.4462167952693842,,,,,0.8269999999999998,72.02904334712773,,1.4146074511815219,11.255649177536462,0.23894689910275327,,0.6407659494404013,135.3326832790073,,,,,10.548284583320356,753.0828250506565,20.384976238098172,,,,1.896282899040274,1.7103112391477615,4.851390579224169,,,1.7180598626377415,32.908876474208384,,,18.861052876004678,,,3.475113950763832,4.106067000283248,24.670784730106863,1.6530133181646056,,,4.442751981815179,0.9217496861129681,,,,,21.37520651329879,137.10023726018565,,,,,1.3434786168750172,309.90339258352117,1.642321900073859,,27.061295562306913,,,,2.333400544132786,0.33499999999999985,,,,1.102311270464267,34.58295295901614,21.314517508178135,,199.4158661200529,55.32464711738591,,11.24923096549917,64.39691569339396,17.047115366161098,146.28660621490718,2.049254490463251,402.3041694574249,4.966233195852879,39.415220667094296,2.504302173776987,,10.965296137604055,2.8096850121592283,0.2227526872351092,3.7066049613234657,,,,,,7.7313288611915665,3.160149335946898,,,0.47797121550624555,0.4507360372009136,25.73289574586086,,,0.9047745442977634,,,,0.8682943125670872,97.15452457340207,1.6164264736179876,,,10.30487123596127,0.9270344793192132,,0.4319999999999999,,0.614312059293946,59.419299192280064,,8.013569826905318,0.8723515400421487,,12.407467189465,,13.044962460529232,,4.829113153698138,24.36248518184151,,0.9817260618262065,,1.3320906417400984,7.20309633113836,20.36472881548944,2.2756805717838953,88.83587981341537,16.262816379390145,7.3189887661421364,1.1729680376013538,113.92038252666181,,,,,28.513321634317972,328.2159351366293,0.12899999999999998,,,,,,78.450829289606,1.0811924393585433,,,,25.9112146485539,12.006449841987402,4.6559550140962696,,,67.86959077248443,75.40054566543364,2.37011667946293,,,,,,23.53799079755767,23.435493993664913,,58.25546253804279,,44.638180943622636,,0.3611299917314849,,3.8380456152756195,4.9221750360005885,55.81535787470385,,,0.491948490742441,73.73919100021703,20.28414627780995,175.84579272484046,1.096070490915932,1453.811196400533,1.4789416523441334,,,29.82569341220138,7.85171130368544,,,0.9219757537035822,4.907843660155487,3823.478036794751,2355.1966621399115,3659.115456937361,2518.724418566102,1316.7961237920492,181.9014262772756,1923.7535791816988,32.05234869922828,1781.3318771572688,306.64333146428584,1686.8452608574914,80.48569584399334,185.65508544955438
1995,,0.682419788573959,,,,,,35.924978601432706,0.7640330195080215,,72.12546520146564,25.045287607235185,6.373175979759449,,3.9059201353493815,7.606318334864908,,9.447308017587403,45.489185973498714,,0.4731037858063508,,,,,0.831,78.2962741024453,,1.3749931715255699,11.626204661922358,0.24033910499321143,,0.5959019438460312,137.8581810014631,,,,,11.407983146535212,780.4211406897751,18.649313612274426,,,,1.8445868751550911,2.159787025339217,5.265172157365888,,,1.7773859809999508,32.266136183653416,,,18.639028315490645,,,4.266918253465149,6.145445718961829,27.244701037985653,1.7866956714841316,,,4.230507677902049,1.0145954592833064,,,,,20.45943524657809,139.8904625591012,,,,,0.6124524464753659,311.10930271741796,1.7423553963786613,,27.560822691868108,,,,2.4604610234361117,0.34099999999999997,,,,1.2031167981962299,35.01470154619257,20.354031765535407,,209.7870018831043,56.69733705414307,,11.484287954545472,68.61059484322924,18.057807144678556,151.88392056848446,2.376206915847809,410.1172557007031,5.0540728946831885,35.849940768724544,2.8388193456438238,,14.255622554301876,2.7663519472768887,0.2617368781355743,3.4302685847143373,,,,,,7.556075296148827,2.503835568003608,,,0.47736604802376514,0.4686390181442136,29.747392870568753,,,0.9438959909505383,,,,0.9355915476445859,85.12032769402678,1.6431406764729215,,,10.568472657267415,0.9915383971508153,,0.4449999999999999,,0.7097739831114853,59.709672313436606,,8.368126506425458,0.9270672686546185,,9.211941435166537,,13.217182362400665,,4.934396023170813,24.338775930397972,,0.8600398577736683,,1.451509761991427,7.473223012312687,21.757417648097597,2.3889960211012906,88.044824800635,17.309242664725804,7.76636588807701,1.2979051600133515,121.23133813829016,,,,,28.986155794035255,320.6892687171815,0.12599999999999997,,,,,,61.25723174593273,1.0114179523191624,,,,25.46263553485747,12.615491699066952,5.0053944318073444,,,71.32102806663558,78.41320752638742,2.5172847047810762,,,,,,23.219387785681068,24.41960287565514,,60.18832711452804,,48.729458061198855,,0.4015562781481154,,3.776784674539873,4.96959119910558,60.110166553808455,,,0.5651485469557084,59.14859062765728,20.21090401774028,174.51910846198456,1.3517992050375187,1469.865619236185,1.644862001732073,,,31.80891596812531,8.623177110707756,,,0.9175999032353818,4.499053366105564,3843.2854280319384,2410.732639297817,3701.6516300746757,2551.5067524595024,1329.3377329791763,189.32718768722734,1982.1782082121401,32.21586983096882,1775.7444185411616,302.24482523308853,1693.4185152810364,82.44915877236758,196.43661025287258
1996,,0.8008182622821931,,,,,,37.95649881101133,0.8096816684026286,,73.94002348612618,27.040295920078545,7.801241855524365,,3.982726010197105,8.05652674860947,,12.849173050905506,45.14118887878612,,0.4885832365100459,,,,,0.7519999999999999,86.54500249074812,,1.652300842336603,12.265438015993436,0.2697921898500758,,0.6651655795214215,140.05025398572198,,,,,13.374238694179159,820.8928418952128,18.69029635460613,,,,1.8087982311595217,2.0195412303703364,5.485036798172384,,,2.089000501768202,31.61879244759433,,,20.069788529517297,,,4.684920618669028,6.323802246856152,29.33283282342682,1.6854156285910558,,,4.548059059037511,1.1107909089677652,,,,,20.330874394914336,140.2689802408522,,,,,2.2267693507170376,305.5626261573768,2.073847054524859,,27.084394605571653,,,,2.332150169121343,0.347,,,,1.300311340129316,34.40514106539264,19.06997177561186,,223.44263574156466,63.108037166701195,,13.502776851299615,71.89750969659269,18.622562591813892,142.9240711211356,2.0356818228758846,406.7747661471024,4.228442594615827,31.80825334316756,2.5775024582108035,,12.071748109995085,2.3704170457446563,0.2880238398006761,3.809158576220445,,,,,,6.100650868659608,2.5208594399925057,,,0.41934646245744744,0.537346712145419,31.0487814923557,,,0.9579777393617801,,,,1.034979630815603,90.15846812460889,2.0621671187587727,,,9.636918899554965,0.6483803202783183,,0.47699999999999987,,0.8151252416841751,59.13641466342137,,8.800269855250406,0.9409607612490333,,10.587737593809502,,13.501124254195233,,4.520519860611214,27.13976738102565,,1.1209460828499058,,1.3811190895013608,7.54717354272572,21.742165583675742,2.5390255477264687,89.75343918084418,16.6198416515843,7.85720726820029,1.3423103665664708,130.47044706920636,,,,,27.969091510719874,341.08600397892013,0.13099999999999998,,,,,,66.42286705439288,1.1824775366315745,,,,28.770621635648748,12.943013523639394,4.821114640636122,,,70.03839537136754,73.97860716869573,2.7635615480587994,,,,,,24.42410628699384,29.316149818223842,,56.38218584740614,,51.68012200988968,,0.40273915700723,,4.06898977416856,5.210758267545444,55.8812546611685,,,0.47610691791150167,76.47388818379903,14.568554848356138,182.4973416502083,1.2449750341731585,1516.3303555179916,1.9935132179077988,,,27.06297390743117,10.37346479436095,,,0.9021405764765124,5.149950260497404,3926.678861088996,2509.9752541797366,3761.076472393379,2674.6575509712447,1322.5329121986874,188.84015051708346,2062.43817066864,34.54930868885533,1818.4848120754173,295.5955239441356,1747.154170510939,84.95942161254015,204.63048294570785
1997,,0.5943712687281296,,,,,,39.8865336985884,1.102007049431647,,75.89576254477126,25.59346571342521,7.066743686192892,,3.916566598172524,8.388375203432604,,11.989640064794456,46.56628546543523,,0.5234229256069233,,,,,0.764,91.58165026151755,,1.0754149899486691,12.420808957054225,0.3093294852378274,,0.6535209537830411,148.68675672846229,,,,,15.099117315466707,805.6213187313537,20.039797536870697,,,,1.97291825757785,2.001293024588723,5.8064847593886855,,,1.904857947961362,31.569166216134803,,,18.57489775653148,,,5.0040545166363515,5.285383370170337,30.702216542085555,1.9822125250374676,,,4.3221829888868575,1.2218833961622224,,,,,20.1697995895695,136.42392147023872,,,,,1.8901776567726072,293.4716922728005,2.417903308987307,,27.369748892942486,,,,2.7378335423731657,0.3489999999999998,,,,1.4754897061688932,37.76932123417309,18.78031718755389,,233.08884724223208,67.68591248936569,,13.404076004232536,73.20997716627868,19.25556154520975,144.29610402548053,2.2252398035435057,399.8555891385372,4.84999014767222,29.54867278800981,2.5157839615816386,,13.101094105543869,1.5143575928622643,0.303574854079924,3.7926449511360123,,,,,,5.873246395575182,2.3340210845753027,,,0.498545299275517,0.5412728640624758,32.98313388909547,,,0.8853429421476544,,,,1.0277963993916832,99.31930460985572,1.6853554258665697,,,9.348106249522537,0.5154938442862756,,0.4899999999999999,,0.8853318872463305,57.54736670368906,,9.272875799396461,1.0441469748734,,12.067766185625269,,13.468431473139482,,4.650206076914018,26.727862699890043,,1.270195614717069,,1.5409020429806322,8.424740795859835,24.020816592663365,2.937284563852881,87.95235573540457,17.76414050058447,8.599340860996529,1.1378124881213265,132.85350225846108,,,,,25.402852539956093,325.64120144851694,0.136,,,,,,56.19203043594274,1.0934715876388794,,,,31.95015682285359,12.822206143852855,4.945629562368203,,,72.19907482233441,75.42186051848064,2.8086075776813395,,,,,,22.97710916807892,25.97483712308479,,61.42557609122085,,48.53010003674912,,0.3900286190614937,,3.8228644354057755,5.48834025177243,59.71108743384831,,,0.5221502023206679,73.96114264965179,15.014662387632166,181.71093875694467,1.2047312986079073,1543.0747801224122,2.190871850889146,,,32.49565385559586,12.494859756485626,,,1.1443732197453091,4.312298630321675,3913.9864177783047,2545.296533160293,3786.484891849855,2671.9563416987307,1300.1035242504297,192.24202857674604,2064.9302818426354,34.996907921074836,1774.8836408115255,292.4014865652713,1791.6395234816446,87.42706815721755,220.7600218526949
1998,,0.6809860347143726,,,,,,40.78687242917799,1.1037269695577858,,81.1786352606563,26.537069031061204,8.254741792355548,,4.407132831729555,8.150543229919377,,19.413278073006868,49.62868084688938,,0.5746551405564152,,,,,0.9119999999999997,93.77300989202234,,1.4743707476005925,12.199293950544561,0.45172719820601276,,0.7926569687097268,150.07814001729108,,,,,15.510482941179964,814.4238710166342,20.161129244227208,,,,2.2298047052977115,2.4095202669104223,5.760201991203522,,,2.3077248733117144,30.39262906976143,,,18.043544997065354,,,5.454784649634258,6.6948739076241175,35.26727025008313,2.2223264496552084,,,4.700129612400818,1.4413476837347479,,,,,19.57871098711703,143.02763695592049,,,,,1.9951885813445276,295.0072330255183,2.382898781546662,,29.4575405548161,,,,3.2282284464099757,0.33899999999999997,,,,1.6577464935190562,32.41307678455241,19.09833174459479,,237.9757011721695,37.799976589161126,,13.417074547869506,84.87598888460508,19.780337702906877,147.35142900628082,2.643635347459923,376.70760022551167,4.997185547178477,30.547211698997554,3.5949035731915364,,14.70110799934757,2.8870479636616073,0.33122401483459224,3.732519977848969,,,,,,6.0379305928100875,2.085219184057882,,,0.6302884358104582,0.530414069893567,23.08021113854572,,,1.203149100417467,,,,1.0078331387654527,104.92921653619338,1.7771985480467027,,,9.91590834898271,0.8093882931249778,,0.5199999999999998,,1.180400643273049,58.92157241728857,,8.512127478246262,1.1450127966915131,,12.177190047780822,,14.451936242220043,,5.325556280219247,26.731479486467666,,1.4440027728589415,,1.5074201701968228,8.661788068593404,21.620039511038357,3.117134552989427,80.58528758002844,19.114446570438776,7.750201764609396,1.127132724604498,95.7483364041481,,,,,24.30086851560996,289.72369551454915,0.133,,,,,,59.8037992784209,1.1492698410414999,,,,26.837096890186498,12.992735417164853,5.081448535605237,,,70.9645732246706,79.94471581537651,3.0255958189527465,,,,,,23.21549924010101,31.641321414247138,,59.7794378303421,,36.44456364198729,,0.47979278884961835,,4.0490168473068815,5.14050081230205,60.66777110272036,,,0.7301830560621175,63.44078276589201,24.416212607585624,188.6976746073632,1.1713147076481771,1588.3104904456163,2.327658534253573,,,42.44573968166454,12.9811666338927,,,1.1103761285597349,3.848651103399395,3923.9938041354203,2502.379725583057,3814.395005517658,2610.938874204367,1322.4202987484662,206.42889132636492,1920.679869915048,36.42659379298966,1766.6500297053826,323.8371862440433,1843.9501588177482,91.96335587593065,236.43239784852756
1999,,0.9886898570844741,,,,,,41.76447846726197,1.419665684402425,,80.35985440111334,25.49104715968914,7.366665308416998,,2.9124983103022544,8.188873602866487,,18.559535757505664,50.43049917714784,,0.5774281686594034,,,,,0.8619999999999999,88.4797470149172,,0.849253502764017,11.107682789619005,0.5146744529907183,,0.722843643343508,148.93547993682552,,,,,16.32578992963131,855.8320534976315,16.14388203981743,,,,2.7520103196339165,1.7360307157927026,5.977624790264238,,,2.129424536242498,28.704389207020313,,,18.664952574410513,,,5.758051820961077,5.824602362636673,37.12732121993287,2.1385512783483236,,,5.300509205934997,1.4038419690104695,,,,,20.328731141527218,140.291321645538,,,,,1.6042605750292396,290.7117583745046,2.5022221384595515,,28.522974884107274,,,,3.2075546309566745,0.34699999999999986,,,,1.8178124920776149,28.621519755531715,19.28861551831478,,257.2354305852605,57.230336140190104,,14.453857004106029,91.33067383830964,17.488752555353905,150.04462976460218,2.5744364177150914,396.5775045610252,4.663091813560302,26.469009620980156,3.1981387926574385,,12.336831921148685,1.5626322720635861,0.35661328562997074,3.3417090830753735,,,,,,5.447621971645347,2.2482357521043896,,,0.7094705210156516,0.5697633735919942,26.353896975344032,,,1.0408506747448996,,,,1.0542003998207046,106.39795410904455,1.821092628846971,,,10.629852128982362,1.0904262591812306,,0.45399999999999996,,1.7136336878577998,52.36114986871655,,9.570965002655397,1.2117497793670544,,10.26212772444676,,10.961464561984076,,5.470883831923411,29.275167547768508,,1.5698297931629697,,1.5166076569973332,9.078889844697509,22.89877153200507,3.184477154744152,83.68184586055969,20.240967432152427,4.866840631652599,0.9599164366980499,117.32901064808657,,,,,21.775551179069208,285.219899605722,0.13899999999999998,,,,,,52.57440927188654,1.1664906478955344,,,,27.95763306386091,12.406658291867654,4.82733672375803,,,77.11486977962393,84.71654326390309,3.748910935634529,,,,,,21.978189689065665,27.75914167786116,,62.920789703587985,,42.37734554562696,,0.448815926583371,,4.057126271205077,5.218817832170608,60.834042063119966,,,0.759030777518558,63.00801782706588,19.694633436194167,183.35439053227861,1.2239825187074198,1637.9049717234868,2.6590113488763145,,,34.27392400050336,11.899266849476955,,,0.910606563672809,3.933691575015553,3966.904797706983,2574.417241581435,3888.493534241497,2651.9197995226596,1308.8690680959694,205.7683466510238,2053.4568979508226,39.2089193485902,1734.5600379155253,300.72136221708683,1894.8765258010685,92.02831736936776,220.69623231491627
2000,,1.0292353623376322,,,,,,39.39750018413006,1.1144801309589742,,78.87426154151986,25.71228151468999,7.128936469600283,,3.5571844318080825,9.257319225738213,,17.892330202779362,52.333941130316845,,0.6974780063687743,,,,,2.3522332935456776,92.24853020334092,,0.8487711143696705,11.92478626854178,0.3970778323930956,,0.7398721466113511,154.43651155356574,,,,,16.27495941270257,869.2674206165756,16.369476093754745,,,,2.4596383689124464,1.5649359708390536,5.78580819483448,,,2.527393594483009,31.311327747939213,,,17.54758474060224,,,6.433927489244427,5.641329549813543,39.04321974090729,2.191788402332575,,,4.9852917632105,1.3799643802366202,,,,,20.56313723436036,142.8634101599669,,,,,1.5113990423239807,291.5675978772227,2.3264416686084974,,30.080351778053217,,,,3.409457596212359,0.349,,,,2.0576008524120866,30.296462628163145,19.081727368134853,,257.2158200639812,62.21473733435821,,14.92355314602819,88.86824395392456,18.232773171718026,156.51954299159084,2.103782639413136,415.18537378447394,4.749252300564279,29.26219071001552,2.745245085646684,,8.91008395335684,1.3531458074968559,0.47668223470551946,3.368896071319172,,,,,,5.0908157973980055,2.071611963410369,,,0.6211902309066895,0.506857670995904,30.540382638455043,,,1.1375450799491267,,,,1.1743709624748793,111.29743726221189,1.8190191573470154,,,11.101873823303034,1.1797672532438108,,1.4041387546768587,,1.0586129953702303,53.19662768011379,,9.289660674388037,1.256108548750752,,12.290924770989639,,9.320056560563167,,5.756929163789403,30.952094814673387,,1.4939444258948524,,1.3550329890673734,9.35437070545563,24.799759178030257,2.8209933556084827,80.6054770530739,21.611666316234558,4.918918055761582,1.1773624365936013,133.78867118884276,,,,,22.753232215808634,283.12440052850496,0.144,,,,,,58.77376420005681,1.260134173509052,,,,32.42337789402339,12.32297857066756,5.077688905080133,,,75.8267730786348,89.1805929414843,4.078034955393841,,,,,,22.465573684913924,30.107530710569794,,68.13788077913918,,44.470949277906506,,0.41967941961420646,,3.78623052870008,6.068447332441967,71.56104076137606,,,0.6478630436466282,56.62559695514475,24.733344863637683,186.34188533265592,1.3301369429247274,1709.6453686617865,2.268907279599284,,,26.66296105253701,13.338560008230186,,,1.106746338007366,3.2620224576909433,4076.883333567884,2652.647126611219,4038.37749518347,2690.16578084592,1332.9523271220849,206.470577437081,2131.5038647579363,41.92587919686127,1750.990534218453,317.74402291171214,1976.9513330008954,90.22543066896172,213.7088182561409
2001,,1.102481683980434,,,,,,36.42164605314205,1.1550860759093533,,80.7279550785856,26.428057782057998,7.20583879573595,,3.0131282494384597,11.313140319258027,,16.596339319182473,51.50690400622916,,0.7933645168294887,,,,,2.1578028394799196,91.140260081556,,0.8272613980944,12.424905527357973,0.4201926539492924,,0.9221155946479551,148.85662458927374,,,,,14.811070836684918,934.8628905885904,16.086363463514044,,,,2.693768328157711,1.7759878230239508,6.466158316395409,,,2.466838182107151,31.379135398866318,,,17.594998069862438,,,6.3063665113455825,6.931471406920518,34.42094713216858,2.3689302014374523,,,4.841742224589099,1.6216371232704903,,,,,21.551983670143084,141.05717462738372,,,,,1.4352152792656265,290.3296638830573,2.4581358742719708,,30.32548309984766,,,,3.702274451062321,0.354,,,,2.2548921383699785,32.04426073337821,19.67070000743386,,262.41113206816533,68.56452806697806,,15.144634641995596,96.78251512693039,19.324262494293553,154.38327051971496,2.720195613395452,403.0789708559418,5.461335309332973,30.41771144068894,2.886785557570445,,11.068517782314549,1.1148429621712874,0.4090992262894834,3.299374818705178,,,,,,4.934033876653711,2.2383700377936844,,,0.6357422934236743,0.5089618621877814,32.059034023901965,,,1.2222876829278446,,,,1.134415045861692,114.40009112986013,1.8910002332330422,,,11.72994125054124,1.1253756573867637,,1.6094246689048177,,1.1042754214762838,52.27361012430827,,9.550199884833518,1.3173295631646524,,16.49942229144418,,9.40424304089092,,5.217753729817786,30.693789348342786,,1.5610544680752814,,1.3762990499670396,8.441838220316155,23.99797735996578,2.673071219209081,79.23020351177496,21.330124307793554,5.8874344422314175,1.3017254727160417,129.47963006838472,,,,,24.30025747613872,316.206913053177,0.14499999999999996,,,,,,61.89117241325289,1.3687137799476605,,,,28.66145460093688,12.802682677867208,4.986571849370959,,,71.1520354253483,89.8446243756637,4.201626913866763,,,,,,21.36748627018708,27.22728255004513,,61.7433755303934,,46.15894980047857,,0.46124487338933773,,4.306808044181507,5.736947443044186,57.557519752938816,,,0.7855573986652196,67.89346472154105,29.413938198385136,188.37074522275444,1.423040558731574,1685.5903922374607,2.064578853604244,,,35.20048900464647,15.162517164279654,,,1.108239163486296,3.0609935466696743,4077.5868984467097,2742.039081524642,3976.6664088278894,2841.9916150324498,1331.7720221889813,205.82370819239603,2191.3907279324335,43.12591184835114,1790.227653871312,329.6560583891632,1950.318886089767,92.56835227131398,216.4906976103972
2002,,1.3553308349818078,,,,,,25.31978588499894,1.0131565543055292,,86.38846934805211,26.61446825598029,8.131417025234883,,3.3293440804065644,10.615427807270219,,17.14756609498056,54.26369841266245,,0.9020657307676936,,,,,0.8810092411037268,86.90084585094024,,0.8419352129642079,11.748235099113952,0.452111495755237,,0.7057879434110466,154.7661308654272,,,,,15.889965071066639,998.668732587395,17.003842153550444,,,,3.8692936872686547,1.409921338530183,6.858907908658636,,,2.9708544907929113,32.06312607829549,,,17.84957307690654,,,6.236803733748829,7.997755756599444,34.76769208260461,2.3822586884521626,,,5.131756502241461,1.6199600137746073,,,,,21.404135569006073,141.51480067613087,,,,,1.3259750115055469,282.2435748221786,2.551988701810195,,30.938331979056624,,,,4.130193315150615,0.36099999999999993,,,,2.5143671527523597,28.004425757843986,20.72336914799922,,263.120476103814,76.09944531789208,,15.431889803190591,94.54253372695986,18.295504144898107,157.752045810296,2.287607025930059,408.33599924828206,5.964435214131545,32.833702026969505,2.019940999049324,,11.896153394913194,1.289956068912296,0.5050434335116489,3.1213746898941794,,,,,,5.767642719707863,2.4282078746321196,,,0.45988846929408006,0.58204176192046,34.76282974320002,,,1.0178492746517231,,,,1.1923919291311733,114.79360686960291,2.0224082482114225,,,12.779704292336016,1.2177454284636995,,0.40641332215191783,,1.0439752011738632,54.69078654822362,,10.025367357503656,1.3687005151611051,,20.176277738204394,,10.832262494908987,,6.362124393387061,32.965316062001385,,1.5565771271056656,,1.2305452367098468,8.953485026864236,23.368964750105548,2.756297835655686,77.10868389309397,22.14580018660325,6.7477770995273625,1.2993930975677448,140.60539718846042,,,,,24.28309762507497,318.03906922880566,0.14499999999999996,,,,,,67.00431524272321,1.70700529171443,,,,28.706735376135686,12.45126741271892,5.039554127156895,,,66.84990750593497,97.06084186823918,4.676132983337198,,,,,,22.07452802720289,25.313144579971958,,67.35361662015534,,47.143357332478466,,0.487882694604582,,5.029222818291648,5.88222719708779,64.0247790713187,,,0.6994032458171707,66.89031777312368,26.960896178964628,187.06951021019879,1.5605483108579667,1718.686037048534,1.691838416770924,,,32.027346207585694,17.69213851334095,,,1.1310959607401798,3.4222409319008555,4137.911385047745,2831.0996688235173,4053.9566135700416,2914.1990615225486,1341.7679120899084,206.5429042158789,2292.9875325640865,44.64240542440658,1802.237260589285,334.0188980602599,1988.8279467307746,98.81903248806921,200.9186590142434
2003,,1.5064221306132923,,,,,,31.20316352639634,1.2033695910585978,,90.6661547455079,27.2684598729446,9.217663309175428,,3.272358588590056,13.247590510854291,,16.834720620864058,53.32571842293883,,1.0420657540107834,,,,,3.9370566381241536,83.95778618432028,,1.2780561417577891,12.625148037979638,0.5335445334404701,,1.305762641200581,149.6414947194845,,,,,15.075257155614693,1121.1628122914465,16.46143212849116,,,,3.0583670635760996,1.9608612030694266,7.359315237092355,,,2.7191097117056784,31.77175815867812,,,18.655503483433407,,,5.566830863199905,8.255614536107917,38.198354580287806,2.495877997052269,,,5.569832221944323,1.8897425048467948,,,,,24.073099937497847,143.2536541701078,,,,,1.5089118653730047,290.94535176867055,2.932310840800753,,26.980097391459402,,,,3.740338195647142,0.36599999999999994,,,,2.4212700006576107,27.069717749899223,22.262621207244443,,278.7797539419225,80.41492035802429,,17.22393333959516,111.71549899909053,21.078069906220612,159.03172500581184,2.6691792398794005,414.2405427965825,6.081148609630209,34.887979585981356,2.630378512319765,,14.443366524226205,1.6894362581037714,0.47171726750909376,3.9060856497102416,,,,,,5.73611675189523,2.9734967854762955,,,0.8106725756055352,0.5541709487240694,37.49202433752758,,,1.3654140661655372,,,,1.258081314428318,120.610706838334,2.268574889303188,,,11.562538959152324,1.2042521180677241,,1.218226242954512,,1.3997419802905522,53.75091965241173,,10.379738191285345,1.5553936942007602,,20.67483949365173,,12.252226918618812,,7.849925674326703,33.593799317685075,,0.06677959059375937,,1.335846032715643,8.067335681202573,25.12297239056716,3.401922565407304,77.1251683438004,21.377034619175408,7.055332887826601,1.4893293034740236,141.1904152276714,,,,,25.740279035869932,334.43292097545856,0.14200000000000002,,,,,,82.68366876924199,1.5998411574557843,,,,28.960493978721903,12.088536397113465,5.041817599423258,,,76.4469912371299,98.9090456808621,4.5351620606392515,,,,,,23.4748451106311,29.12949868945876,,68.96375282635539,,54.26185468285482,,0.634886288741765,,3.8780642304799087,5.671748288207472,69.30782183480989,,,0.8135246111055727,59.508535780302886,36.70044470910166,193.56445891093227,1.7402751652824733,1740.9520195064729,1.77664816574726,,,38.158876439324466,23.42164766501808,,,1.1134403796369357,2.7875209725233985,4206.240777386142,3112.246978643935,4123.1910246102125,3194.2931091495943,1368.118546570571,231.87643490669245,2473.4916843540163,42.856204092159594,1844.4752187481383,399.43157246508815,2013.7627102965318,103.74789983815006,208.8403344970615
2004,,1.453613063777175,,,,,,36.61114103006332,1.222160332112247,,94.92478016319026,28.10911338357224,9.885967593993618,,3.2302178928754,13.637753350874693,,17.793995763811164,59.61826058546662,,1.001196724986328,,,,,2.6977676435482802,87.43068089573009,,1.218221845031579,12.382602758166689,0.6008697121361045,,1.3805857952977223,155.1331509117901,,,,,15.781773262923178,1255.4844408324136,16.106065840555043,,,,3.2419893899470287,2.151229127971506,7.283424999463015,,,2.4930103200526617,29.520855606473564,,,19.204905622181556,,,4.881533473121792,8.707521579689384,36.115705748081346,2.449964939298316,,,4.989446635545565,1.9020448329030932,,,,,25.125304703450585,151.056193367609,,,,,1.773960987826212,294.08953059556063,3.271495542060549,,26.447322387296754,,,,3.9203861859909335,0.36599999999999994,,,,2.424945983812085,25.21510973612406,21.367615294010037,,295.2211316618236,84.98052602834221,,18.33430405556574,117.42767195456106,20.220711464280008,166.20923232467325,2.634790756709701,418.177577202847,6.890858010669413,35.86814663283791,2.9660670213002396,,14.996947943890383,1.877153836994901,0.542088222010645,3.86734079512289,,,,,,5.675297939419858,3.656930989331612,,,0.6840740036685775,0.5389555822180325,39.37697691455469,,,0.9152261848961735,,,,1.3080788943645996,120.21089784344261,2.2955750931426153,,,13.104902000169886,1.1681381384094551,,1.536547931779519,,1.1863316267073973,54.38947513673259,,10.9425647921633,1.537680604819548,,22.93640401099078,,12.041172490979429,,6.599402376912981,37.80778459842225,,0.21780866407998348,,1.4411349006088245,9.055653825327688,25.049790247692552,3.0276484703892224,78.35111685797003,22.494418850035647,6.968248897729371,1.45316977694252,146.0061702155406,,,,,26.425505109137003,338.5517607664724,0.14400000000000002,,,,,,95.92015506224735,1.6583834907612756,,,,30.64791044936368,12.10534767001663,5.026607251500371,,,88.34959037261036,107.59803984660911,4.858340790018838,,,,,,24.110727777529874,29.32932285386363,,79.06868194537405,,61.2666658554166,,0.6385671109784047,,3.805198059601091,5.899309381418086,76.97279758455664,,,0.8553505300686458,57.88010391440319,41.65508311769063,200.8273901708375,1.9011214832973964,1803.2523871422313,2.078941996377589,,,30.903820898972803,26.48968038048505,,,1.065207349312269,2.651679908668045,4329.554365797377,3356.6862661226237,4255.6254450397755,3429.559952034066,1411.6745472182274,246.76763279465555,2666.683848044542,40.9551411393011,1894.005379853976,437.7979405461117,2079.2694451212224,108.47757696819258,212.2816674520007
2005,,1.6056565727076053,,,,,,38.92060936358658,1.512089732079661,,94.71548558601829,28.761132243523335,9.542050801971536,,3.768814676785641,14.143351473321067,,16.548345011968234,58.845419082076226,,1.355356473814225,,,,,2.4263479026948964,92.84288029820814,,1.2202853770811568,12.99350331250895,0.4212833802703523,,1.7285342147158476,158.6380816585897,,,,,17.06965371232113,1400.661441391332,18.202821838684375,,,,3.555045074674055,2.4133414344272754,7.76427441952681,,,2.641048345255669,29.30310779137204,,,18.587276686672492,,,5.617450848178374,9.13314235728413,42.339659461633865,2.449930428110132,,,5.104469805010231,2.1520936620144866,,,,,22.908489058810275,150.8645226359401,,,,,2.0586071066852267,289.7797813963418,3.394972588615922,,26.817586373563508,,,,4.363970134980684,0.32199999999999995,,,,2.609501809894794,28.747516437689796,21.4856533352699,,309.5584586316867,87.00835323372813,,19.404479354560777,120.2004217331086,20.04962244636773,166.07229005045264,2.7931470660229003,423.96046266531806,7.610547195534423,40.255179920210914,3.4157671127203972,,16.380442564509025,2.2631984885593863,0.5523081833048311,3.5357547549478894,,,,,,5.8599621028295115,4.098341236352419,,,0.8929434685623164,0.563623790455435,41.86101651877187,,,1.24948853844395,,,,1.2470428680915482,132.03741784676413,2.4084431687567207,,,14.120598836864975,1.3373857235049071,,1.5201815763338664,,1.2716962152868196,55.24474059063807,,11.631603876928944,1.5772282598565628,,25.165332264190535,,12.518434075081815,,7.029900352204115,41.27248095794474,,-0.2792379723402634,,1.4316070746569094,10.291327130562012,26.1701464040321,2.8024954619112767,78.70871236897274,23.749930513987852,8.841360113520958,1.5129318129155298,152.81830016209912,,,,,27.414267139620396,346.6788180388008,0.14400000000000002,,,,,,97.21259603176837,1.8908518042942721,,,,38.871866279277185,12.32958642462775,5.241004391805761,,,82.96584995241325,114.66168781841222,5.240896666986544,,,,,,23.732508555522383,29.863584687984957,,77.71602936934231,,64.96640885601943,,0.8332151267478023,,2.9246780677062754,5.732383734010733,86.09779966028661,,,1.001506611869033,66.99478886395131,46.919022906537265,198.34990198881462,2.2694338077934595,1815.868515768624,2.253156234046445,,,33.14094615981149,28.668325037392318,,,1.1213307711650213,2.8158141540475885,4373.693531293834,3621.2227695646857,4309.319583849112,3684.391344369032,1415.5089203158607,257.5689147860363,2871.4805046206034,43.84308639260408,1915.5876920168052,462.64685685363975,2107.179626781202,109.30237704641445,227.2940413912196
2006,,1.51623446418227,,,,,,43.28836552722716,1.5229697677846177,,99.35124045815937,29.293441365190887,11.06511726837508,,3.3758134380876874,15.095090251593343,,18.605266314208773,61.72402875508634,,1.8710636985696827,,,,,2.2798119063388422,95.8915679989348,,1.3120881740163735,14.045830136275763,0.4830802638647747,,1.92560628393623,155.98235499082026,,,,,18.21084590173907,1488.1063364771062,19.605697156923195,,,,3.103419540556933,2.3879421307330557,8.6726193908175,,,2.5762601195568577,32.256121897575866,,,20.430211817150774,,,5.803878810806425,9.237395876619729,44.43397392645783,2.5503953187533654,,,5.357627851787455,2.3822084410117608,,,,,26.408589909209645,148.4077755674778,,,,,2.4246925430620005,298.1476294732909,3.8275459194519534,,28.07823594787491,,,,4.568452522010772,0.32199999999999995,,,,2.482600910583352,29.840172473054427,22.97328383663748,,336.5031002712646,90.2874993579077,,19.341679230069193,129.26150026211263,21.348149129990816,172.9635213625206,3.1794690474995533,417.52109339725246,7.370314290591881,48.42630654981465,3.9075353822004737,,17.407511531521443,3.0689847070800735,0.7328295009536744,4.156971745946791,,,,,,6.681615133094162,4.955047688224317,,,0.7650365937076524,0.5624109878514448,42.12340375083107,,,1.4488723296367942,,,,1.3640130034644617,135.99082288830147,2.741058965151868,,,14.816339734608897,1.699579551408063,,1.5775927174732027,,1.1877366973401629,61.15691556864522,,11.047488631346345,1.6356582718168209,,19.173525962163822,,13.39645342388566,,9.757680614763084,43.57532379294439,,-0.3145091687867193,,1.5578182643009266,9.994398387038045,24.15387809814565,3.3904370243421855,83.42040596520292,22.342545021585646,10.014644950558054,1.563685820151965,162.55839959594354,,,,,31.419976620681414,351.7423626055788,0.14400000000000002,,,,,,108.72275487351581,1.696924472813425,,,,45.89224261941521,13.239357775580041,5.70818347695224,,,90.06108500216946,118.44862026246213,5.0859803624970095,,,,,,24.38699511072832,29.605563413268065,,78.27836474578112,,64.52362621216113,,0.8959620940604112,,1.0602600155235253,6.002967901798828,92.35721776703005,,,1.2100966895640266,69.72539105844427,48.66435758660224,203.49437276716102,2.6249692205821664,1822.9544619099238,2.440926488407699,,,32.273058720770884,31.15245815335883,,,1.315296469105105,2.8949952696487697,4440.1298148638,3831.8349018594076,4382.858682158075,3887.814233267242,1471.5367361264227,268.0171317204779,3018.147305087037,43.74580060931305,1978.030082322007,497.51829363066,2115.739621235971,113.51295164013194,237.24117961528708
2007,,1.5175498733314952,,,,,,45.08281856118926,2.0811863047980204,,103.4981933843781,27.971525476438163,8.747749821559822,,4.573610640674731,16.088925853449876,,19.305906979562156,62.623656223859605,,1.8963304616142602,,,,,2.8899897819707547,103.4336326933614,,1.9336201477497048,14.416323858446493,0.6110355116225199,,2.095521827406973,165.56587327169495,,,,,19.332654305775904,1631.2546491663488,20.217872768838077,,,,3.4909344339459665,2.2406783846301144,8.525665241580834,,,2.9244413780031766,33.747981313832675,,,19.492815101187812,,,6.503908039445589,10.175742882514871,47.7701467908477,2.570480790848241,,,5.57611279797396,2.460659452250576,,,,,26.390600377766415,154.95387072343325,,,,,2.5985650573055143,284.26539949045286,4.153692747424424,,27.526966514212667,,,,4.545205572238042,0.32999999999999985,,,,2.8956856523650947,24.740442590506223,22.492522325449244,,364.5418579836864,99.11927742650309,,19.118882549294096,147.0750531187304,21.66713087049295,170.8762855624249,2.809295825326825,420.65141061213075,7.366267617590274,50.42368233465498,4.082488394585114,,19.247588984728985,1.916045703022539,0.6282938818518136,4.52131181796959,,,,,,6.949459272835821,2.9779617432928216,,,0.8671303692836129,0.5475213264905227,44.99164531526676,,,0.9811430389610443,,,,1.3204156744266857,131.97422806244555,3.32094779727939,,,15.433714811812887,2.049372637424197,,1.8070524934224204,,1.2922774267863726,50.193789149317055,,11.305588360346514,1.696837512633329,,23.843977579553215,,14.793878499352022,,10.709793095502281,46.181664782331836,,0.33761222328258744,,1.6655482258913492,11.753662604026442,25.600593417432044,2.8908669047425026,86.60309719190784,20.827660434062118,10.953265110527363,1.807891538247264,168.833602608817,,,,,29.366730161481673,373.0479514137567,0.152,,,,,,100.04385853526632,1.8388875349267952,,,,28.443575961604562,13.449855799579016,5.824699038564746,,,91.07284713107764,121.77411518297133,5.071250144204054,,,,,,25.061244045911355,31.41148384769464,,81.15707980564791,,64.57286478315417,,1.323447051281767,,3.1260527172020374,5.985776869420812,104.21923855765654,,,1.2575477208807775,74.87154183005529,58.43564337316062,206.9882230417436,2.5641194654258377,1833.6216177997655,2.404135323701772,,,34.327153386083545,33.518486226317876,,,1.3976515363745772,2.9858843287603523,4482.535070032353,4073.6988402276797,4415.612164264225,4139.370969418617,1456.422338852954,283.81925080707657,3197.4907398477108,44.85982860568271,1996.9726880833123,531.1164820330027,2131.9068661684664,117.45583628077443,252.6092184340076
2008,,1.6554976731807747,,,,,,48.984941403240114,1.8932908962779358,,101.31575829619163,27.513832752585316,9.789998862281674,,5.179704428699219,16.900506572741445,,21.093014438658553,58.231868072579346,,2.0453016137350915,,,,,3.483451219343244,115.8827251737358,,1.9818308313868906,14.604099444250316,0.707906378471889,,2.2738362369662313,160.1206507233822,,,,,21.209166314207398,1703.6959025441295,21.571583171256524,,,,3.5533687333295303,2.4400028177244564,8.377833472209737,,,3.297681838970612,34.41844673861943,,,18.568215320160846,,,6.940131315797091,10.66181671988805,51.30378712542368,2.5367200194297577,,,4.680531713700611,2.796899601094362,,,,,23.83598966503264,150.81733250967943,,,,,2.424947925737192,279.96118668588286,4.127599600611187,,27.735429507047737,,,,4.359525801390805,0.597,,,,2.8883660480315174,27.75919903077548,22.485821402167065,,399.21105259130826,111.42103606741865,,17.256546706792165,150.13543910682438,22.89100514889331,169.89906831385213,2.8627164406097565,406.48122395169725,7.834928523493264,47.26174585560084,4.2881489026147195,,20.58168256674141,2.272789531630978,0.7095513839530125,4.45039504018667,,,,,,6.703496846148776,6.7583430670526425,,,1.0948433653667833,0.6978864809864229,49.96641532378765,,,1.5480119529736944,,,,1.4283768595238815,136.671265845625,3.5679994450238763,,,16.779327791804988,2.3276256418202914,,2.1673391157767026,,1.5241736269825614,50.92671077746331,,11.488291211454962,1.5677440923220858,,23.959080547086383,,14.025977462547484,,11.243065860811448,46.52853292958829,,1.6992125114775256,,2.079696323809349,13.222973679248716,27.777074302339752,3.1893909774396096,87.2187258328503,20.417980862928992,12.528536580467657,1.943179898852533,170.72764880575116,,,,,30.428173294557496,376.744233402577,0.148,,,,,,110.10694874287664,1.9163021278411418,,,,32.00849541709569,14.355620700091771,6.045696315721825,,,90.83864585198398,112.59679360900262,5.637001539638015,,,,,,23.916498031340964,32.024828863174534,,75.8505187573985,,67.89153925689365,,1.1357654954327627,,3.269000958183953,6.505728102070875,101.03519181048418,,,1.446591942509533,74.67445866334442,70.14789487085291,194.95941169317013,2.9866020696204587,1746.8054442961013,3.0187336332360277,,,38.9166712126809,37.45154656628208,,,1.920996808719626,2.553185523512258,4342.000515485422,4305.09399285828,4277.396503007231,4368.542405096593,1422.0097421670193,299.239725770537,3325.4980449078917,47.16821678349396,1969.7293226072977,564.1165222160037,2044.3459216930482,116.86869373152582,280.11809443577954
2009,,1.6962584246314347,,,,,,45.913133744803964,1.6630681294552216,,107.2985817497562,25.305078545532233,8.833774493015648,,5.40146164040234,18.256292558767413,,15.117996399229268,49.548604088503,,1.9480244858610132,,,,,1.5975389549601005,106.44687883780826,,1.5208449681652365,12.039870842517816,0.7930541732736069,,2.2918674010996263,153.42515271415914,,,,,17.841201391436474,1935.4885728556908,21.444799724755516,,,,2.9793840774887954,2.1551461848675664,7.291817034641825,,,3.5443300141811824,30.071472202959395,,,17.265087760521045,,,6.228277948318974,11.04765603552959,55.17265674443414,2.232525786429535,,,3.9914050676968875,3.130920259972107,,,,,20.141103937194796,141.988284612455,,,,,2.0674920892827746,257.18652921292886,3.5217881858975257,,30.61609198349432,,,,4.142481575099753,0.616,,,,2.62721273973776,24.50879943146234,18.715875540008458,,453.06486165141376,120.67970471857771,,14.062302858988884,150.56703549270384,21.04741269655864,150.14232257746772,2.0615635359179563,373.4245520199158,8.409558218791057,43.770613323228396,5.171327979769293,,20.06305250548813,3.6717680054439676,0.8385682181858898,3.5576580784012135,,,,,,5.64561266060466,6.968854867497982,,,1.0176065912000027,0.7679143334404942,46.78527084381943,,,1.4849104062135663,,,,1.371615119731444,129.31671091607092,3.80221642494475,,,16.10580696117959,2.6720938415401223,,1.2243364391401557,,2.1143450394327834,49.31754073580828,,10.051076920388946,1.5517778496592227,,22.40611449425108,,13.513606082842788,,12.200808918704693,45.76703474387978,,4.479307168618471,,1.858133801199297,14.34225274002834,26.334315897746627,3.623899894782179,82.82377730374783,18.46487241845686,15.066637987714849,2.289362441619893,152.41508520096298,,,,,24.261252880236835,357.1530548755757,0.157,,,,,,121.65230931482057,1.6018041271614625,,,,27.674054896430373,12.816744805843761,5.411087351896797,,,96.47818017258692,96.79259287373284,5.493263860841562,,,,,,20.38472401490505,29.94127372994733,,68.8612315379695,,66.82515503811138,,1.2255913004077086,,6.703461111412876,6.409827276244662,91.1609556479377,,,1.5964375462116462,63.50505637769318,55.81762844173458,179.83346063271705,2.9656417263125774,1600.899719848556,2.7847442337106947,,,48.120430354427405,41.442231978564806,,,1.6882938308887727,2.7496365127163593,3994.744476008567,4557.420222418605,3932.1831423108893,4619.0931793153095,1289.6732653091542,314.4687450310697,3546.7402404090813,50.665717108209485,1794.801071563763,564.5698164350144,1884.0994448983292,122.02458294954982,274.77858064659114
2010,,1.650885672359282,,,,,,49.64797364595072,1.5600467656934107,,106.51557098688973,26.749256331568173,8.477537517079169,,5.780436919639077,20.97360683102664,,16.99030403246124,53.65329811893229,,2.0099519907800336,,,,,1.691948631010088,127.94062295896468,,1.5659940839584268,11.511302237563195,0.7879819391518598,,2.7881911372885497,163.2680472316005,,,,,20.348353000064126,2031.5886260337234,23.256714922629904,,,,3.230202942097485,2.2289533857710935,6.890255779700154,,,3.576407174845071,32.14530473257732,,,17.45250769122907,,,6.79156052786513,12.185618091908033,55.85776179020762,2.292529778387523,,,4.640604997747946,2.749145634623113,,,,,23.165148169234712,142.85197381254122,,,,,2.138402196550917,270.6784004190251,4.009893878996008,,26.88537215697451,,,,4.29590923549289,0.7100000000000001,,,,2.697496415905746,26.384328114729758,19.244347103596738,,447.2812271623192,119.40271845886461,,13.19846343086597,156.86201423012625,22.896982553452396,158.0082118216337,2.0747557419046685,391.30926521062383,7.723865740047195,40.551607805677676,4.9886485630916315,,20.692588387314856,3.3893662782178566,0.9916483500595702,3.5771209696477713,,,,,,5.728107813535239,6.707609685609347,,,0.9359978855642749,0.8229179687217686,52.681100541263696,,,1.4008935133647857,,,,1.3633062616622718,131.54426705406473,6.485505016079762,,,16.806772378411317,2.4954715156403164,,1.1767816011657355,,2.688668220506121,50.70458101852939,,10.25244049767972,1.641537749332958,,22.174310238376158,,14.121465575621245,,12.03766706122428,46.29636955999676,,6.612247072665163,,2.319566843724312,16.812023247850664,29.21882099967706,3.7967128173483182,87.8634599848999,17.861392225943668,14.91115055548174,2.3230745907792163,172.35884956861685,,,,,23.951342996467524,376.4050670193208,0.16099999999999998,,,,,,134.21195039923634,2.1894320371086806,,,,31.355226648608085,13.497242523074263,5.714068793790841,,,92.02182949679879,94.90572594077676,5.874826279501613,,,,,,23.540326741502533,29.785011324949743,,78.35192088432275,,74.54973028601687,,1.315839584336922,,5.8823744575383055,6.983899483056071,101.50084180839464,,,1.725111365424548,66.75740130820003,55.33308923506736,187.2963897835169,3.2810897693680308,1657.9006024126813,2.817870149906339,,,45.472460898977616,45.02244975525417,,,1.6093492725829979,2.7786824066255686,4145.698664007691,4772.601578437492,4098.565382708209,4818.772882577335,1333.3991159686939,309.6073207129514,3713.2534350116707,54.838389526512756,1862.459289152635,597.6353184734911,1953.3196235039777,121.07327890763003,306.0987717225768
2011,,1.7111384609737175,,,,,,51.449628017561004,1.627585653640963,,108.24268131296608,27.529298985294634,9.253625895027506,,5.150134281837453,22.550702811448456,,14.819651865203118,56.771769633819375,,2.4968677617868713,,,,,1.5450340115248007,134.7566152080462,,1.8598354679769917,12.289198796911476,0.7678543482013925,,3.1059030810059927,152.9721328477454,,,,,22.698125636168477,2243.140082371997,23.88389166741423,,,,3.5987241944588706,2.1934413323862514,7.441121607339931,,,3.1506233707651536,31.52767304087676,,,16.907096827850744,,,6.8319509046473215,12.81381880063654,58.90673364392357,2.4773134511209323,,,5.214327740647216,2.928843697401176,,,,,21.34484270350108,148.05279787087423,,,,,2.4626902957428882,270.2402174502967,4.476280757429534,,23.857495125084835,,,,4.5997851528050395,0.7580000000000001,,,,2.802031134537757,22.4067838807147,19.094215317950347,,472.61056178094026,154.5456813582173,,12.739895206040101,159.19082154306645,23.237060357467474,157.67348313803146,2.3419056969066445,413.27994153456336,7.986915885499511,37.70687697314792,5.502444157178642,,20.344801861481894,3.690606739440884,1.2083866025166219,3.578951063267858,,,,,,6.726969448140261,2.8400137658689593,,,0.986945115965604,0.727509954066524,54.81860962937421,,,1.5709392024434037,,,,1.4899728596261599,134.84418337251088,7.748618191817872,,,17.52734096490635,2.9087859912706695,,1.1293050630074573,,2.8825206549903166,46.617734508141396,,10.593643881959744,1.735101791265451,,22.256343295134126,,14.10313145064059,,12.43116452260748,46.542494278192414,,4.3771166657372005,,2.3211601226185965,15.295489779296979,29.916926601945242,4.115045724167493,88.75190420927862,17.057657331151084,14.20212877231833,2.2529008728842657,177.76730108824492,,,,,24.709967473259596,389.39029007249076,0.18099999999999997,,,,,,127.93663180701783,2.387285845972268,,,,30.724805075827874,13.76490761328748,6.200863690945203,,,90.92468848447173,92.70430842247701,7.11649839284004,,,,,,22.641163994254857,33.07543192920104,,76.10175802888229,,77.6641638398632,,1.2508602087233696,,5.231822020178775,6.727835733698489,105.13343887002742,,,1.7995964475981938,71.77790475727389,58.77570645828125,172.7632085092183,3.869803856134438,1638.7755058584248,3.2203026473974647,,,43.77286744782649,47.541350105521474,,,2.0164043236595557,3.5235895146264835,4142.169297889841,5071.988652489873,4089.0174532248107,5124.222946384138,1313.762646047018,312.40901062812236,4019.961898299862,52.19085846372158,1860.1491837874555,602.3632495089511,1927.2979564448976,123.99065745679017,315.795135789915
2012,,1.5983672289182913,,,,,,52.55292432834227,1.795459783108454,,113.41604035923942,26.028372737414408,10.101194565719764,,4.94919307628044,23.29054478443528,,18.606333788999727,50.887917535419476,,2.2126974819980596,,,,,1.663139610837899,141.4687874250304,,2.046043550742239,11.864618039692777,0.8228554209277859,,3.0514248391343917,164.1844847831047,,,,,24.53547839535202,2325.871050526284,25.145857855616033,,,,3.690476717284874,2.73567322296683,6.088057987429121,,,2.602196698460644,28.848932141395917,,,15.281020296195276,,,7.177410327969309,13.233702838602193,61.9126091363579,2.553955553577634,,,4.8802997156654895,3.856812328989487,,,,,20.383818442425092,132.7747564264103,,,,,2.793026923763618,255.34413698381596,5.207308793861597,,22.10928176930642,,,,4.787168891997255,0.7040000000000001,,,,3.183811398737284,31.505371991229865,17.627998447405727,,512.1002920058833,166.00606232230948,,12.282906289151674,163.4916871099616,24.836698408461917,140.78888972796048,2.3549335822215185,421.55550592557825,7.880605776619285,45.36633498949752,5.436646201861875,,20.991939271299188,4.472764158431009,1.4527825177406593,3.6777024896301973,,,,,,6.239872808529642,6.64011320697551,,,1.1131355164699304,0.6140482557023108,58.58043437944517,,,1.8811004912605098,,,,1.4363576553788149,143.9808017964966,9.130315865594262,,,18.563463888810922,3.095781949671288,,1.4712951083728683,,2.8776538642562084,44.79281567087183,,10.853517511227885,1.7902829966744818,,20.35071936261486,,13.806284925411747,,14.97547448785838,47.492147627503954,,6.981748936653219,,2.3918592365797378,17.218197595152887,32.03751902301221,4.524371520465679,86.66603570765837,15.60141405793912,16.942689883319666,2.5236032532319053,172.76782581951778,,,,,23.481164979231888,402.3594674199122,0.20099999999999996,,,,,,142.33954405425314,2.4678477002425465,,,,34.4502255488511,12.75726398674052,5.308658633611485,,,92.97711462354549,86.60377750457535,7.517497530795799,,,,,,21.457592596421446,31.323838016880384,,74.99244902716251,,82.68651365563765,,2.1938458981686484,,6.023421466457203,6.605430380444828,109.17755107314883,,,1.8424230734311278,71.36630713166363,59.55255846335065,176.01648459997278,4.435408694334366,1573.8080553592447,3.744898989117713,,,51.367711714456284,47.14753062850236,,,1.8914438123812045,3.962612119421277,4038.0386109135015,5321.890225104952,3987.328568850997,5371.6690604680625,1238.9171999715672,325.0108586645209,4196.476062797046,56.75766845135611,1801.694291509779,630.61639025744,1882.4328895377673,129.25735127490702,337.66661447653
2013,,1.5435751302494285,,,,,,53.50295506612781,1.7543495984694553,,106.99646279370226,25.541687606276426,10.506519467106674,,5.32689048141351,25.171361158455444,,19.36844499836588,50.06100232795057,,2.3117398429105087,,,,,4.688777611187635,149.97614274601716,,2.149561297508646,10.368965850704225,1.1477799609054131,,3.5455206858074093,166.00268510713997,,,,,25.058741537182907,2426.183414090134,27.60399670239414,,,,3.41934417276364,3.9668754016606655,5.930939032997392,,,2.1646473611319346,28.282674831765178,,,15.480473607349342,,,6.5745293348578135,13.876233199886867,59.52730216527219,2.3865902077082612,,,5.037748696510006,4.491611857254931,,,,,19.47771196549509,130.3008638459874,,,,,2.884418402994094,255.1333478619845,5.275577293582501,,19.4054076133114,,,,5.0607433779672455,0.6269999999999999,,,,3.081396997231323,33.34949925707865,17.237380663879815,,503.09774863842216,138.22048350807404,,12.173216574271349,151.93745645480703,23.851156535139403,131.19621365057387,2.3216085893541476,411.72610313606157,9.511572702266076,51.03116658383847,6.333718986298517,,22.790936242259928,4.5047500510601335,1.7503335656565246,3.507243455636176,,,,,,6.0914189311169045,6.41285876430402,,,1.2503679135374295,0.8719444673385952,64.4864162597383,,,1.3987569994534483,,,,1.3420155012799602,146.93355998192592,11.120059402804602,,,17.559454010522202,3.7865535466722884,,2.347816124971729,,3.5065430211323267,43.51198370911507,,10.716113212712415,1.6358320917462326,,27.080679064722695,,13.316168638549463,,15.871126028386646,44.98722113999614,,5.583123554436027,,2.410029329961853,18.281932761921865,34.8785479834128,4.828306040387494,83.51958698023522,15.013858523742703,15.924124383141777,2.889381805872128,174.79912217875184,,,,,20.704355987117488,392.23472144376547,0.21799999999999997,,,,,,145.06520621998305,2.54184771941556,,,,33.008514721255956,12.986846307082333,5.193396416632365,,,91.798650935361,78.56236570278922,7.459306208872998,,,,,,20.33115476420683,35.01643298142064,,74.03138656296174,,83.74164163328763,,1.8653524902063041,,6.85837308059667,7.15549014114391,109.38463189726498,,,2.0105614253311015,70.4881004128598,60.07790723617423,169.78290826193265,5.304212029607955,1603.0437394748853,3.5292219634141717,,,48.02374939214579,52.34321321058266,,,2.3204264446344425,3.9143549434264715,4001.604652789087,5436.541891243249,3971.4876061501327,5465.840424227184,1194.8090162935528,343.257667125589,4274.36228692415,53.87110506118654,1748.8692983456676,629.7418215031046,1916.590980469504,122.83464241736053,348.60247186160126
2014,,1.5341793042895824,,,,,,53.370216480253966,1.671896993966582,,105.98637523697361,24.65343511574918,11.12253473599169,,5.313067579726313,25.838164548266036,,19.766460086619034,48.578892668402354,,2.1076006449300184,,,,,4.912484677948746,155.81812739959167,,2.1635462786596054,10.916044498315784,1.1530196679340114,,3.637637809796548,163.55330111683784,,,,,24.145012944897843,2470.0722301013307,29.028564080737997,,,,3.4427384626085797,4.089322521137562,5.6488600030644065,,,2.196411695893122,27.0125612676238,,,14.704934720302061,,,6.680428456414805,14.167861076611164,61.11908152964624,2.4111121542722596,,,4.99296074739379,4.536899411377428,,,,,18.851700666266275,123.36065837346138,,,,,2.9413921004381134,244.95454362531805,5.035432632518088,,18.33583240517322,,,,5.1511227355793885,0.6231988068474338,,,,3.137916867145308,32.52916084340591,17.035177075497046,,537.3176008167861,147.47977069318807,,11.718655100857411,160.62099038777833,23.44136844771248,126.50700516356554,2.3279749752829773,394.31972439976255,9.464576085225277,51.82022762077032,6.3894349381579945,,23.178209936438147,4.512314306367913,1.7696826018906826,3.476541693899277,,,,,,6.104668339111175,6.16152749405894,,,1.303622457721771,0.902227750066363,64.85536779473743,,,1.386815762053664,,,,1.4198809469805787,144.21782793055814,10.980814278212401,,,18.21615254175834,3.820358860653151,,2.4145594565415207,,3.5399875889455283,42.191233270113116,,10.833437415656935,1.6483546705474876,,27.31296517531073,,13.195863453627082,,15.851547406810989,47.25544362912727,,5.702568813328199,,2.442219827535347,18.690582958789914,35.86780348796976,5.000607164082709,80.56481565967054,14.906214778873103,15.951161507887912,2.890070970664358,175.86340879793093,,,,,20.53160145051287,386.57801170933584,0.21566034338546713,,,,,,154.4120879124542,2.577468575252405,,,,32.81484511033035,12.738738608818169,4.891403568597656,,,92.95910466640112,78.03742762732581,7.630071758917914,,,,,,19.68583989320389,33.67954110722415,,73.64815285063351,,83.75198472844913,,1.8456763536431413,,7.463961484615076,7.308805585013419,112.89074485129862,,,2.0602747293411925,60.603900385583216,60.30676872277385,161.60268750238552,5.254227635525014,1612.5797555791428,3.542183600073344,,,47.474355606303895,54.083019768514276,,,2.410053053971039,4.514766233863802,3930.319854034606,5571.357319327923,3916.1926066142796,5584.658584435347,1151.7471887755069,351.43556931882966,4355.968469142715,55.19398510849475,1688.1345139313987,652.897091944689,1920.9495475248202,121.85870961042282,355.2226911482614
2015,,,,,,,,,,,,,,,,,,,,,,,,,,,,,,,,,,,,,,,,,,,,,,,,,,,,,,,,,,,,,,,,,,,,,,,,,,,,,,,,,,,,,,,,,,,,,,,,,,,,,,,,,,,,,,,,,,,,,,,,,,,,,,,,,,,,,,,,,,,,,,,,,,,,,,,,,,,,,,,,,,,,,,,,,,,,,,,,,,,,,,,,,,,,,,,,,,,,,,,,,,,,,,,,,,,,,,,,,,,,,,,,,,,,,,,,
