Country Name,2000,2001,2002,2003,2004,2005,2006,2007,2008,2009,2010,2011,2012,2013,2014,2015
Albania,0.06666620497030085,0.07940331419045221,0.042313710133931925,0.057734905638257006,0.05709556592738263,0.05720819955778356,0.05431012735190244,0.05900000003438488,0.07529999982290803,0.03350000010074128,0.037099999961035746,0.02550000007508202,0.014199999994636725,0.01109999985494281,0.018000000048156384,0.025899999978172383
Algeria,0.03820009213903597,0.030084039701514076,0.05608988447945418,0.0720160498143616,0.043020104521770186,0.0590766619266363,0.016843348423923654,0.03373015873015883,0.023601088766577183,0.01632082375078392,0.0363410776964912,0.02891933973090488,0.033749525227739996,0.02767296331072444,0.0378918575352416,0.03763484955355434
Andorra,0.011657870874972609,0.060667805832777866,0.06426845170225559,0.12023919727434884,0.0806950427349713,0.07839704519910184,0.04585310593916714,0.0007803936336674422,-0.08594256011072277,-0.03817986019520003,-0.05347977188673847,-0.04802675029706327,-0.017600103383450083,-0.0006351429207670511,,
Angola,0.03012076171767064,0.04220965149011713,-0.06940461552942667,0.05247494539723174,0.10879577475626512,0.18261450323391126,0.2073512488483007,0.22593054297473225,0.13817145809316633,0.02412869692607944,0.034076547944334346,0.03918596984925449,0.05155440545076151,0.06813585769805042,0.048041749621184016,0.030073548361516877
Antigua and Barbuda,0.06084634972363823,-0.05196166360093091,0.010877196999804939,0.06110539493369682,0.058114310269603564,0.06287283716606984,0.12804960799144194,0.09289614427918136,0.0004767643511836006,-0.12035555021448452,-0.07041724722186671,-0.01763272977688246,0.03837469781780345,-0.002000917103302635,0.046027933520115694,0.04126997112645436
Argentina,-0.00788833958794799,-0.04408864558256109,-0.10894532206816365,0.08836852742351375,0.0902968986787902,0.08851541164609489,0.08047227667571888,0.09007809357357854,0.040571595811011996,-0.059186503520618716,0.10125377914458111,0.060041026657885466,-0.010263616159906674,0.02405203699828773,-0.025126169138051102,0.026472424370136194
Armenia,0.05900000000565031,0.09556641505150543,0.13186300530614314,0.1404079505858944,0.10467841855271054,0.13865711258161562,0.13198003509366374,0.13749201963142244,0.06900000001326823,-0.14149988646055223,0.02200000003840663,0.04699999999071314,0.0720000000247536,0.03299999995670411,0.036000000091649165,0.029999999886722195
Australia,0.038678165923335284,0.0193007435532353,0.03852960866936472,0.03068276998127417,0.04145701183156625,0.03203594991947645,0.029777012190886243,0.03750268853997607,0.036976310284389635,0.018119695400105496,0.020064262763298757,0.023729525409491803,0.03634188034188024,0.025698545178636234,0.02609192075131861,0.02421383401377608
Austria,0.03368474158112167,0.013505027929635816,0.016557973461435616,0.0075621028307337745,0.027057089943753,0.02140927158233219,0.03350677459377027,0.03621488840176945,0.015474006272280239,-0.03799249648822578,0.019288035357915234,0.028079608007954615,0.0074582034005619136,0.0012420792703897732,0.006447340132406554,0.009632383272113021
Azerbaijan,0.1109999925349876,0.099000000011638,0.10599999200168653,0.11200000235050589,0.10200000399071496,0.2640000080916325,0.34499999511055623,0.2504899952266937,0.10772420782570524,0.09410653764523302,0.04854339322626511,0.0006592276722066082,0.02200000189574225,0.0579667839555551,0.019999999996156426,0.010999998107671605
"Bahamas, The",0.0414924639178047,0.026256271284256893,0.027046295099452777,-0.012647446254185124,0.008828842242567081,0.03395292671806316,0.025168638469005522,0.014465222061013083,-0.023241723713792184,-0.04180919796334559,0.01547005153424763,0.0061197916561315235,0.03080108707657203,0.00012554928825370126,-0.005272407672030077,-0.01653205450703421
Bahrain,0.05299994792845353,0.024910335678933748,0.03614148287474728,0.06023951197749411,0.06980946982395442,0.06768939710950428,0.0646856767051236,0.0829244382400034,0.06245128340413708,0.025397724672284294,0.04334407091054282,0.01983823254166328,0.03732251521508578,0.05416503713987364,0.043498423319944024,0.028619678252131964
Bangladesh,0.05293294719242181,0.050772877745488776,0.03833123940275196,0.047395674002621346,0.05239532909497613,0.06535944941190208,0.06671868264916658,0.07058636205561997,0.060142819471860065,0.05044684514819475,0.05571683685150419,0.06464317004831766,0.06521579714986436,0.06013691819329181,0.060607372453949315,0.06553194963162512
Barbados,0.04453059521930247,-0.023673387693365466,0.007911230023822435,0.021712538203370046,0.014067644358208176,0.03964974418619116,0.05668590898715076,0.017642844273331182,0.003960221820803245,-0.04041023840647007,0.0026491276069624536,0.007561953314743297,0.0029839949428707158,-0.000721240562286396,0.0006315410963204648,0.009016319449433041
Belarus,0.05800000000030181,0.04725306008880126,0.050452673168266626,0.07043192673263188,0.11449742927253426,0.09399999999652109,0.10000000000248432,0.08600000000984731,0.10200000000274523,0.0020000000005662155,0.07793696037865372,0.05543711461875622,0.017313912231294637,0.010239848044246491,0.01723086003500396,-0.038295705592728435
Belgium,0.03633760002009834,0.008116186555929605,0.017801792443075337,0.0077446486792986935,0.03634846133287062,0.020945973459535416,0.02498997343236553,0.033974737288117174,0.007474466594883822,-0.022852636603233223,0.026952924236181675,0.01796508730242441,0.0013712934446079572,-0.0006228304906971127,0.01646149848559908,0.014760950884039392
Belize,0.1303876212129842,0.0501566300364249,0.05118559418947277,0.09326537906864929,0.04650468004993891,0.025787420356715884,0.04582560332261676,0.011043107512738182,0.032284949699421306,0.007131177514732245,0.033244422413416075,0.02103950828044776,0.038247487467701013,0.013140791667081375,0.04081034021355223,0.022994162319097455
Benin,0.05859992095897981,0.05330410858188683,0.04644470021395608,0.03444044840842819,0.04429629031130955,0.0171157763052161,0.03947013735266469,0.05986515529732994,0.048933939205406674,0.023192269217281458,0.021168501196547895,0.02962750356994648,0.0481028341081815,0.07193096522645037,0.06357520957760321,0.020944579778740202
Bermuda,0.09317155576664837,0.07222436019333589,-0.014777903862011166,0.03410706216006121,0.0232126646442139,0.0167420714849027,0.05543865935451686,0.028458901184686525,0.015278939064003572,-0.05284177144964641,-0.020941135383597653,-0.03339494402736298,-0.048345401698783985,-0.025111544382163675,,
Bhutan,0.06933024240248842,0.08203773861774888,0.10727840610195494,0.07664334036501064,0.05896408196906,0.07122559606957557,0.06849366020571868,0.17925824849337602,0.04768354272726971,0.06657223771334508,0.1173085436850978,0.07890913927367982,0.0507170977512319,0.02142496576382613,0.05745455142811573,0.0649137060796976
Bolivia,0.025078108074350736,0.016837991332199653,0.02485565732692452,0.027113398362654584,0.0417329559272952,0.0442143312788712,0.047970088238431075,0.04564284925647,0.0614859766922069,0.033570012587214704,0.04126722564631624,0.05204092717931408,0.05122274663656112,0.06796011704152694,0.054605697538207654,0.0485718789335301
Bosnia and Herzegovina,0.055000004406271064,0.04399999502455332,0.053000002698837756,0.04000000063373288,0.06099999776122611,0.08758230336167827,0.053784768184347076,0.05728756914277566,0.054815078693068786,-0.0286988127827722,0.007672542346362388,0.009082479760201156,-0.009331875918493715,0.023941919797548117,0.01081875667318477,0.0301592135430222
Botswana,0.019876958496313213,0.002505738694630111,0.06069530863156336,0.04625894794789631,0.0270582173932441,0.04556645659742942,0.08363871063583583,0.08276763761624184,0.06245437392671871,-0.07652310203439827,0.08563631753378353,0.06048316376302676,0.04456167223189311,0.11343424225694432,0.041492527302315896,-0.016999360873558356
Brazil,0.041125087115086556,0.013894755996906483,0.030536699805780332,0.01140738805645225,0.05759899635317045,0.03202246864333347,0.039621365787694485,0.060695239334026985,0.05094246107781375,-0.0012592315284347677,0.07528404942021782,0.039744303648471924,0.019210505690872903,0.030049812455677172,0.005039151929393748,-0.03769286955229911
Brunei Darussalam,0.028494218535883853,0.027440405178344562,0.03872096971931405,0.02903955471484365,0.005043182535369395,0.0038750720915388115,0.04397719678962653,0.0015458180975396196,-0.019397146341430083,-0.017645355444617317,0.025989657472689,0.037453183535353984,0.009128416688598984,-0.021260285147493008,-0.023497467544630002,-0.005668146056268086
Bulgaria,0.050109494355356166,0.042480252584888634,0.060181222621045194,0.05077522247615396,0.06555566547265856,0.07236192980913447,0.06753133915022014,0.07675350683154059,0.05647005365830915,-0.04219726999395801,0.0005455792375730351,0.01915018009760905,0.0003094360727780021,0.008620927375340148,0.013288497224849927,0.03617442633226431
Burkina Faso,0.018202419050387775,0.06613399544289589,0.04353004317374065,0.07802439905827008,0.04478474346049377,0.08661861604524801,0.06253158604483788,0.05655005115686107,0.07294498155272788,0.029620143711792668,0.08446325183342451,0.06521769448161008,0.06452674751725529,0.028146630776546777,0.041859447452186505,0.039980223572383844
Burundi,-0.008568640155815377,0.020558070984632915,0.04446519378277891,-0.0122372795410145,0.04833657752100384,0.009000000228827076,0.053846574234546196,0.047858319564932694,0.05048118780189159,0.034684254209146115,0.03785902504879202,0.041916257006526125,0.04019365512737583,0.04594054245231782,0.0466091817203913,-0.039049193669701276
Cabo Verde,0.142848688396499,0.02231654483149348,0.052508912181881806,0.04176259358772083,0.10197072543657293,0.06912458008785372,0.0798375044977746,0.15170688047341518,0.06650520480233602,-0.012704259672516427,0.014667901095083202,0.03968886291590845,0.010819183221611572,0.008027975691119016,0.006112126952070751,0.010660461115361342
Cambodia,0.0876747147284227,0.08148386097036964,0.06578939512474546,0.08505895547344244,0.10340528779719071,0.13250086913559955,0.10771083672164994,0.10212573913034095,0.06691577474266763,0.0008669696534298055,0.059630785727972535,0.07069569948534049,0.07313345500386204,0.0742790010247274,0.0707152535183957,0.07036087179291228
Cameroon,0.04173581031353657,0.04514271084775978,0.04009044573791343,0.04030993312436659,0.037018540582748116,0.022968528548428013,0.03224002985285601,0.0325566449194572,0.028840462342114792,0.019318505911410044,0.0326864887378735,0.04140591843188446,0.04588738703369666,0.05561688127848763,0.059269649606969343,0.05773247579634111
Canada,0.051825972520327834,0.017702608099855466,0.030105890187411832,0.01802294604482646,0.03085790847301495,0.032012401505510324,0.026237594537332765,0.020626002697295753,0.010001252505009939,-0.029495836356082994,0.03083312036800412,0.03141695486717988,0.017450350028543005,0.02475209515766097,0.02565270013255727,0.009417793786278938
Central African Republic,-0.024894323942145857,0.044647389626927714,0.03616542202445183,-0.05397485189773088,0.05994884235835318,0.009082104923979983,0.047710854590227836,0.046075348126032534,0.020541309688651088,0.017092392560861258,0.03046634725928521,0.033007191326907215,0.04112797855634698,-0.3669995243092574,0.010400180428908001,0.04799886112114882
Chad,-0.008796810100713093,0.11658134650850882,0.08491209821622214,0.14721667018337814,0.33629371845145783,0.17332533735121025,0.006482620111809778,0.03271499581124915,0.030526915342665273,0.04217695546920419,0.13550100853718017,0.0008286980692200352,0.08882576065811021,0.05700001364938756,0.06899985041999535,0.017999995262683477
Chile,0.05327405895856874,0.03302542812662179,0.03107208401987971,0.04091284096740866,0.07209411177333291,0.05742576562836543,0.06317574262876269,0.04905037073857743,0.03529597583427524,-0.015642282314352163,0.05844404298908801,0.06110607766155085,0.053188553292049745,0.040450238713322983,0.019094468821943655,0.02252497518893093
China,0.08491311791036815,0.08339889498810948,0.09130856353021266,0.10035350384695363,0.10111394388361661,0.11395592668176957,0.1271958205526842,0.14231396250422468,0.09654351713665377,0.09399744065392279,0.10636129362202196,0.09536407774947464,0.07856309110499216,0.07757593248041239,0.07297743774230647,0.06900155880810588
Colombia,0.04420021373201033,0.016780005298949074,0.025040746777300393,0.03918314043325255,0.0533280891007899,0.047067180932691466,0.06697486702879485,0.06900712081748783,0.03546767225766101,0.016515139798725098,0.03971686698979182,0.06589482192754459,0.04044049148337381,0.04873972284270023,0.04393724705452384,0.03052076996361386
Comoros,0.10848074945823516,0.023329365103370137,0.023247792569372594,0.02104101955285853,0.01919602367483786,0.02837407770730982,0.02646899869405339,0.008001527899701433,0.004002668579022428,0.01949999975655281,0.02199999983354961,0.02600000097418742,0.029999999582940085,0.03499999997591918,0.0206163946525586,0.010151184686117531
"Congo, Dem. Rep.",-0.06910927316861881,-0.021001730210994496,0.029477651778748726,0.05577822317910419,0.06738373930008934,0.06135151155183616,0.05320981060343266,0.06259469848124555,0.06225900281649044,0.028550601063447978,0.07078889425710755,0.06864630025487073,0.07157859630639929,0.08503503315909988,0.0950996356600955,0.06882729998962311
"Congo, Rep.",0.07575980387545567,0.038026019002412204,0.045818700594988826,0.008132640827715587,0.03476631611492831,0.07755758981306449,0.06235997014433137,-0.015822227474564743,0.05572264170283203,0.07468878035510174,0.08751655791557011,0.03420621273849633,0.03799995853775995,0.03440705250486786,0.06779940954506825,0.026464479381245187
Costa Rica,0.037345330071200555,0.03490469431958432,0.03291753199509517,0.042554762508219435,0.04336575111076191,0.03870873066924241,0.07237732804916375,0.0816789611744404,0.04649598459943882,-0.009705483114406221,0.04951863843627691,0.04307101659716328,0.047969199198883095,0.02269027398984469,0.03656803634043437,0.04723266702375195
Cote d'Ivoire,-0.02068400054240649,0.0012137191154759641,-0.016676421356571103,-0.013595359443569488,0.01231772840645573,0.017212473671089468,0.015158423627708473,0.017650367854803006,0.02542841475972013,0.0325145371741935,0.02017638595286897,-0.04387254789534534,0.10706504103484948,0.08889421299974898,0.08794077391789878,0.09163380702872059
Croatia,0.03767496171771789,0.03434404365506838,0.052464745280766056,0.055579070353862114,0.040828106877610626,0.041638408985328335,0.047851208772124565,0.051500049796900704,0.020533654996581108,-0.07383782998877009,-0.017012497631541224,-0.0028126266270100952,-0.02187429173075206,-0.010639210955264877,-0.004917575276782826,0.016414420679016883
Cuba,0.05914760018585996,0.03185029904400927,0.014248212604926369,0.037927402232358576,0.05770538069998965,0.11201656556547768,0.12065862977434683,0.07262136966498911,0.041168280411904457,0.014513054313308293,0.02390352296673881,0.02802300836338767,0.03014900289717004,0.027476025625407186,0.010475766310331425,0.044383335885174846
Cyprus,0.05724401740252194,0.03600665030770944,0.03399104373037409,0.024758695077284232,0.04570303486742411,0.03724317726010251,0.04510183319569738,0.04820710542552353,0.038639660549228294,-0.017724507491896913,0.013177778054853428,0.003211959967569067,-0.031577776705603355,-0.05952747913138301,-0.015314516325077299,0.016792737283637393
Czech Republic,0.042940475616559004,0.030514540796111822,0.01646834169566258,0.03602161044462804,0.0494763935962419,0.06442205111554333,0.06876453702140184,0.05529364395765701,0.02710860829920403,-0.048417964066225005,0.02294783863380312,0.02004675967075009,-0.007998446719642338,-0.0048358531008178,0.02715097091104468,0.04535689600418458
Denmark,0.037470864498173606,0.008232149982730919,0.004662826431108602,0.00389965505597889,0.026683725960904292,0.02336613692716827,0.03913088508990259,0.00909115620780998,-0.005121205862897771,-0.04906585637353711,0.018710393854739715,0.013369772822559467,0.002264787005822777,0.009332220316231377,0.016759014938304784,0.016062665550334643
Djibouti,0.0041621394233903874,0.020477644220620483,0.026185622878425407,0.03199959367998506,0.03826476096011544,0.031696011648144395,0.047998646813576684,0.051000613972350006,0.057999626265526905,0.05032627017968094,0.03486917482916385,0.04467514557929886,0.04842379539581043,0.049999072707667125,0.06000194370891698,0.06500508296080043
Dominica,0.0037531095512197687,0.004731030318183116,-0.017531602535129975,0.07687213070894772,0.032501442346258846,-0.0008824239168943038,0.029296874974166665,0.06321005708532823,0.07120741900940608,-0.011697571512140348,0.006725427478019075,-0.002310113236415834,-0.010697904125621105,0.007706406888852824,0.04186963091545426,-0.01762145008246563
Dominican Republic,0.05656604876575799,0.018092294892100957,0.0578820731625731,-0.0025335880978096803,0.013119582181601697,0.0926275007575994,0.10671154841096753,0.087104141173032,0.03209504260942442,0.009461551690489678,0.08317067728253513,0.031019173106251463,0.02793910371521391,0.04742064191312512,0.07608964835894017,0.07040936189682068
Ecuador,0.010918015626195654,0.040156299013772934,0.04096776657560164,0.027228773376879012,0.08211020917526013,0.052913082664252764,0.04403526434353666,0.02190063971295042,0.06357130600198779,0.005664915926906877,0.03525298668450483,0.07868140918586475,0.05641962066876638,0.04946511267173981,0.03992708508968379,0.001577437246328195
"Egypt, Arab Rep.",0.05368126603406176,0.035355202076870595,0.02370024082731259,0.03192505154781844,0.04090116668901711,0.04478871424890496,0.06853563347370106,0.0709080313197814,0.07157404713412863,0.04673625566919082,0.05145140913741675,0.01779905705200835,0.02215598965814425,0.0218513964517828,0.029162512462612256,0.04371936095405915
El Salvador,0.02152652499594554,0.017089363958627368,0.02340822744675286,0.02300038271079785,0.018505355832475034,0.03562814499702638,0.03911948646311014,0.03839765175391685,0.012738986127563523,-0.03133056452811911,0.013653466660002334,0.022167205426380177,0.01881061228656966,0.018466480153193965,0.0142547573057199,0.022987705202122122
Equatorial Guinea,0.182137799546632,0.63379875418006,0.19462834042668353,0.13955250318667156,0.37998726855681975,0.16748700608694822,0.07704917605260464,0.1528211391840255,0.17799109133181212,0.013433562881877137,-0.089241758897467,0.06523923631778228,0.08312871842725733,-0.04133192497328386,-0.006945334314278351,-0.09128754074690959
Eritrea,-0.03141985769257305,0.08755435208202589,0.03005429215825961,-0.026555158263498413,0.014517355324581427,0.02574449523136879,-0.009692169465358003,0.014268220760078165,-0.09783030048685615,0.03876501561981249,0.02194190545858321,0.08679799926190523,,,,
Estonia,0.10568074949434192,0.06328710503125312,0.060763947010444186,0.07416163363495776,0.06294746230179271,0.09373711450830835,0.10271884090937289,0.07748192368035589,-0.05419455889289049,-0.14724403909839356,0.022590758954916135,0.07597300209109625,0.043072589903682346,0.014152143072984957,0.028229069663409323,0.014442158071869216
Ethiopia,0.06073217490650151,0.0830130631680348,0.015147256949347154,-0.02161359722965661,0.13572603157208585,0.11818765933047981,0.10834727076487272,0.11456166994168338,0.10788521679049334,0.08802553201856123,0.12550538342637996,0.11178296235339702,0.086478116357398,0.10582270040586339,0.10257492965861403,0.10392463021416165
Fiji,-0.016999985496937375,0.019999994556121115,0.032000005211727967,0.009999984901909675,0.05300000259134796,0.007000003847324576,0.01852483119083792,-0.008506535447145969,0.010327941971416843,-0.01386037463619505,0.02954672068348896,0.027051429700228447,0.01883476712338772,0.060804937819412874,0.054464693312513246,0.05563460249715502
Finland,0.05634904218232095,0.025804756901327774,0.01680300582448324,0.01994120663760568,0.03925978801061292,0.027802256665457215,0.04055008237786217,0.05184670565806049,0.00720780916394026,-0.08269122990289335,0.029925187032418865,0.025706214689265483,-0.014262108037927379,-0.007579476740705249,-0.00631821947668576,0.0026874430840837515
France,0.03874809092720066,0.019544168286113717,0.011185701029117867,0.00819726344508287,0.02786467836305273,0.016075695383523048,0.02374773770311589,0.02361486071910668,0.0019555981807692913,-0.02941506386288173,0.019658603672842112,0.020790829819709478,0.0018283633187385906,0.005759547216095617,0.009476932118718695,0.010676078887999374
Gabon,-0.01882966400263797,0.021352334252292104,-0.0024903316811129006,0.02247330010755655,0.006895430592768426,0.03900705465720078,-0.03634637438568089,0.05658952386530358,-0.033084306472203506,0.0013033111747469128,0.07089887312773402,0.07091753342284579,0.052510769214158426,0.056384140489754264,0.043148771257862206,0.038792575967869114
"Gambia, The",0.05500000175015063,0.05800000235675484,-0.032500003088203555,0.06869999813589112,0.07049999925429118,-0.009416759082448323,0.011240996989002605,0.036310255374228495,0.0573464193831148,0.06449695863762361,0.06524632604885894,-0.04328668864984653,0.05862230313865524,0.047809078291286555,0.008774606804409002,0.04715879155674618
Georgia,0.01838341783122366,0.04805452134921717,0.054738380797846764,0.11058102122398239,0.05857329773661202,0.09599640807330734,0.09383276297767695,0.12343999874149247,0.023140474289084167,-0.03650101338734313,0.062494182158680855,0.0722152322055365,0.06350482705517102,0.03387043751783314,0.04623331661653629,0.02880318513021307
Germany,0.02962057191071965,0.01695311324590021,0.0,-0.007098181543468862,0.011698242410408621,0.007069396657077842,0.03700004356240938,0.03260729320758915,0.010821303205709398,-0.056189271546024266,0.04079935671339019,0.036601318665882454,0.004920726336472558,0.00489382204130262,0.015954666047900412,0.017206555716990257
Ghana,0.03700000115236701,0.04000000002179127,0.04499999699059143,0.05199999981172154,0.05599999991346838,0.05900003954161659,0.06399912418179743,0.043468191529710376,0.09149799093564637,0.04845756131218337,0.07899740293167401,0.1404600263125475,0.09292511870768694,0.07312525019575333,0.039858656244130986,0.039158956445785265
Greece,0.0391987538374452,0.041314460657627894,0.03922856346482062,0.057948011389730825,0.050610008091766856,0.0059896866322888265,0.05652379638026894,0.03273992797029246,-0.003351793796922853,-0.04300977797116168,-0.05478760016923789,-0.0913275566037105,-0.07300512458551145,-0.03241157505264447,0.003528833148899624,-0.002193170540451095
Greenland,0.07101596402116295,0.012690354204877075,-0.009711779116907127,-0.0037962569703896554,0.06733427098392841,0.027437281890083653,0.07107168194414148,0.0059797995254742276,0.03599853452761348,0.01491481852664922,0.027110914018039,0.014916743805614585,0.015191219320937588,-0.0296210391665076,-0.008157537715526741,0.01655031964088227
Grenada,0.04887953473248152,-0.020239000368932447,0.03437323528538627,0.09463973425252203,-0.006474503141441268,0.13273063867735968,-0.04017708781056273,0.06150583242155783,0.009490509535716285,-0.06613908960886339,-0.0051126645274396365,0.007648253408127692,-0.011552951812055623,0.02352300921125794,0.0735677026124597,0.06228710464524645
Guatemala,0.03608868744672611,0.023325741625911833,0.03866626551404284,0.02530789947697687,0.031520818338493406,0.03260111044427427,0.05379776769051481,0.06304056512950784,0.03281152284197142,0.005256745896582649,0.028699028934363602,0.04161945917956289,0.029700254108723012,0.036971773386347495,0.041744006277299794,0.04140044357268735
Guinea,0.025030605477809553,0.036583464903495067,0.051646094639445694,0.01248601244906511,0.023401173244321782,0.02997272565276554,0.02496728560541417,0.01757682351844503,0.049369327061659085,-0.0028019227924211965,0.01936217417020214,0.03908761456605725,0.03944111985552268,0.022999992363493815,0.003999986101553832,0.0009999451115489943
Guinea-Bissau,0.054269873646091815,0.021889068211500717,-0.009851775207830205,0.005685101774488555,0.02761401985821088,0.042654251888021744,0.023097501266904796,0.032050476416561224,0.03207377205658135,0.033116776573741236,0.044318415366978225,0.0933414423641854,-0.017979885156875985,0.008202724105191184,0.02541075107009827,0.04796779818844743
Guyana,-0.01376727485755691,0.022499992852459627,0.010510007455217352,-0.010052552481720878,0.03293924780870361,-0.019569111587701582,0.05129609358662779,0.07020313484820662,0.01976647040314261,0.03318624181151808,0.0437086939497322,0.054371260533841115,0.04816458925964495,0.052216258815356076,0.03840915283131907,0.031744544797299934
Haiti,0.00870059714946625,-0.010443743989928755,-0.0025146452614271952,0.0036380033304719284,-0.03522888135516322,0.018050108603675286,0.022492219007467007,0.03343279002322608,0.00843944334023794,0.03083247685372137,-0.05497792326686901,0.05523737743253343,0.028850960556501493,0.04234052896086782,0.028101484920109776,0.012112183430442958
Honduras,0.05748148172257572,0.0272319326853252,0.03754337866450608,0.045470380470185034,0.06232302964083258,0.06050599224447373,0.06567243551883029,0.06188327164665486,0.042316001111740054,-0.024316278780631695,0.03731140341123185,0.03835690659238855,0.04128687753177274,0.027915597552987004,0.030580805631660768,0.03640698871553427
"Hong Kong SAR, China",0.07663424151822684,0.005606221602205919,0.01656932082639173,0.030564288310578558,0.08699956685848642,0.07388284852279847,0.07032637331764291,0.06464569424909361,0.021282138354832503,-0.024591881354079415,0.06767844217702956,0.0481459774840578,0.017004247932366878,0.031014972037698874,0.027622572429162773,0.023944605589785395
Hungary,0.042022638853590255,0.03773885798444665,0.04502639571883127,0.03827689113792654,0.05005415312838446,0.04382805185737637,0.03855976649792492,0.004486405386614045,0.008889018419211858,-0.065632492705896,0.006770752821146919,0.017388834295541056,-0.016020102474324838,0.02116596880320243,0.040478228870965305,0.03147645581314773
Iceland,0.046805141622473956,0.03833743502707354,0.0031470191397762193,0.024401401833535452,0.08099774955218497,0.06704392043383245,0.050006611219836294,0.09350069307832687,0.015193655125916639,-0.06943941190651737,-0.03559864876431307,0.019871307582087994,0.012175353641966202,0.04411535406911571,0.019251439794814695,0.04096500224567001
India,0.03840959716038306,0.04823887736607069,0.038040164995204906,0.07860430984248223,0.07922419914472134,0.0928510311863806,0.0926385889128869,0.09801999769384095,0.03890784982935158,0.08479299937907037,0.10260506103323874,0.06638215160990457,0.054562745175734007,0.06386005217447321,0.0750523474356064,0.0801004364762754
Indonesia,0.04920270923820613,0.03643469323840898,0.04499355228606561,0.04780299667262633,0.05030968627138499,0.056925838205906354,0.05501002267137012,0.06344886638003278,0.060137658126619975,0.046289168578884654,0.06223799046777678,0.06169827862491295,0.06030071774094958,0.05557254853980598,0.05006675865020482,0.04876218577031044
"Iran, Islamic Rep.",0.05845516184984123,0.023921001106665507,0.08078719099878073,0.08639616914482051,0.043366534099625875,0.04208433833738168,0.0570428459012835,0.09116369573253369,0.009236234458259274,0.02314733875535846,0.06577265612718453,0.03749759507471295,-0.06608685618680854,-0.01911498333175221,0.0434329825255908,-0.015000980808487996
Iraq,0.01406356050624824,0.023051861767571902,-0.0689994714399792,-0.33100838023613566,0.541577746159277,0.04400632501995205,0.10158559527008859,0.013775136792945952,0.08227548924393879,0.033797627177866385,0.0640257485673903,0.07546366150003259,0.1393636302611263,0.06572164189217045,0.006998883274548673,0.04799837498353021
Ireland,0.09912452980926068,0.06052309593322591,0.05576688027597876,0.03673248579929678,0.06724587768733037,0.057664758198184174,0.05865819777090531,0.03796777433299847,-0.04373488147073057,-0.04565151401836265,0.02033356074714665,-0.00040209087253717524,-0.011028049210409785,0.01098649994972889,0.08462240866475601,0.2627637139594394
Israel,0.0894191695829969,0.0024180880042832253,-0.0006867003169386265,0.01177589963761938,0.05114124503680317,0.04389820961132762,0.05801816671692395,0.06134684040521221,0.030594121443680677,0.012689879638137391,0.05517011009646411,0.0506213770828432,0.023816310243171435,0.043764441987456104,0.031629966354342454,0.02507922671768692
Italy,0.03710024112639765,0.017721494410763983,0.002484833454156954,0.001512895291470251,0.0158186508068463,0.009497710916054558,0.020067447376223013,0.014736335398085387,-0.010503515343545988,-0.054820851914501034,0.016867562122872437,0.005764543118782495,-0.028189640248723835,-0.017279231221052793,0.001136603026695493,0.007829742254672256
Jamaica,0.008787035501194973,0.01344929558652197,0.019972909490170387,0.0366631758777789,0.013237250976029014,0.008937979390124973,0.028991253496627012,0.014319540395641761,-0.008127529307160875,-0.04332824091103282,-0.014689905571637407,0.017290478134465825,-0.006219541872558798,0.005036399196193697,0.006946210861692226,0.009964989113926181
Japan,0.02779443073777732,0.004062494741938982,0.0011804880591956834,0.015283615398921313,0.0220472671719929,0.016626818698315615,0.014200563791471277,0.016543075965693488,-0.010935306419426749,-0.054171104134105974,0.04192295389114831,-0.0011543657128821883,0.01495032949739361,0.020004706989879883,0.003355818561850299,0.01219475077865817
Jordan,0.042452474182067546,0.05268616566936091,0.057844806857777264,0.04161050299161495,0.08567297893969439,0.08146583287487807,0.08093331160881534,0.0817571902665315,0.07232408479335084,0.054765810474265875,0.023113924760351567,0.02587127827738067,0.026503836461398533,0.028292107693940194,0.03096330278010684,0.02391695968002483
Kazakhstan,0.098000000018724,0.1349999999879583,0.09800000000991083,0.09300000000869013,0.09599999999499231,0.09699531730607203,0.10700389105058372,0.08900385323069049,0.03299642380894663,0.011999501243224575,0.07299873165428528,0.0740035259073133,0.04799909435671035,0.059999399885978244,0.04200234384288337,0.011996609653793566
Kenya,0.005996953945407002,0.03779906496466423,0.005468595270146315,0.029324755488995935,0.05104299775233678,0.05906666080159284,0.06472494298767084,0.06850729771012243,0.0023228274630158197,0.03306939815251586,0.08402277064047414,0.06111613460751819,0.04563200167286263,0.058797638689634946,0.05351839856687057,0.05713382919628174
Kiribati,0.06249999995454436,-0.014705882685127514,0.0378746271115078,0.02006324628253897,-0.01629360190417639,0.04951631592019079,-0.01581000661246268,0.02202171955311827,-0.018474373073368744,0.0028962394441729433,-0.01607639178617637,0.004768422429364705,0.05187798496971552,0.05782166303289249,0.024086876868217866,0.03497048429539351
"Korea, Rep.",0.08924462307857506,0.045252698810622105,0.07432434253253306,0.029333008916040626,0.048997520454725496,0.039236730597680625,0.05176213915601524,0.05463433295785425,0.028292114724232986,0.007074893925586245,0.0649684255592422,0.03682046596619459,0.022920338385618688,0.028962534781747262,0.03341342732516761,0.027901550626245664
Kuwait,0.046945819876367256,0.007290264140326075,0.03000000008872461,0.1732000038074819,0.1076219430023988,0.10075490517352748,0.07520356923189908,0.05991991325358814,0.024802442384063372,-0.07076717497248863,-0.023668338733007888,0.09628397404240197,0.06626782157873112,0.01148854480903072,0.004997545194076247,0.018468964410969013
Kyrgyz Republic,0.05426673849528485,0.05321584315402106,-0.0001735318914174444,0.07030296140941705,0.07026859722223322,-0.0017554821249827768,0.031028986804018555,0.08542874901734865,0.08401615956500996,0.028862946981080828,-0.00471566853190708,0.059562743793926565,-0.0008815019613781505,0.10915469377908549,0.040240386378843196,0.038758255773205574
Lao PDR,0.05798782341812769,0.05751412865008665,0.059187436905541846,0.06067002294847357,0.0635769547431484,0.07107568377008322,0.08619266205344189,0.07596828807894984,0.07824902755403129,0.07501774916781545,0.08526905525208917,0.08038652676123093,0.08026283279007673,0.08024751871592128,0.07613516488511807,0.07270925778091519
Latvia,0.05406859479598469,0.06461313550820114,0.07103025869627855,0.0843069970104251,0.08335544623247149,0.10697033794321542,0.11889387969577636,0.09949391189599166,-0.036089155628475256,-0.14332244010358464,-0.03789649888722113,0.0638150069272676,0.04005269303510617,0.026265568185226185,0.021199187809120668,0.027121282593149054
Lebanon,0.013440665304231159,0.03871259084656753,0.03415104762681964,0.03222473966616635,0.05913768934060859,0.027322828555946366,0.015564790299791742,0.09349502767591478,0.09126165149743248,0.10304050543879328,0.07960433349996321,0.01982547993521311,0.021999999984263496,0.009000000002296948,0.01800000001145774,0.012999999995723988
Liberia,0.2861593331874315,0.02918717319019226,0.03762765040305438,-0.30145222551564066,0.02620605251489061,0.0528197573093252,0.08043162031690843,0.09534892858442623,0.0714693927932184,0.05300099102815259,0.06099944664901247,0.08199998127945052,0.07994451266335267,0.08703875007754225,0.0070114168311166125,0.0
Lithuania,0.038316671388741064,0.06524430875547327,0.0676074953295922,0.1053856477328794,0.06550083026136577,0.07727407919325402,0.07406444353957387,0.11086954389811177,0.026280779609866967,-0.1481416331675559,0.016398196490428285,0.06049353496389842,0.038349018691398395,0.03506825682699399,0.034950161649705436,0.01778576184425562
Luxembourg,0.08239799110697676,0.025319749239865352,0.03819469796722097,0.01629287051681172,0.036121767047825104,0.03172442733759118,0.051784859661460736,0.08354553207808602,-0.01279585570961872,-0.04358607006100157,0.048649685598628256,0.025392348391783504,-0.003525193597124554,0.03990191654256647,0.056269308137861795,0.04004256885405444
"Macao SAR, China",0.05746812737376783,0.028886922539949067,0.0894684034246731,0.11653359426620669,0.26755532646609637,0.08059727510639769,0.13314371431832783,0.14447449584521332,0.03393477561425229,0.013212608721029806,0.25263774446771614,0.21672659028099273,0.09237336766456439,0.11200066558889876,-0.012011492028293658,-0.215373564152207
"Macedonia, FYR",0.04549135776389068,-0.030672456732748765,0.014940286854331797,0.02222222224475301,0.04674428350952464,0.04723377528063355,0.05137025166804832,0.06473486854944688,0.05471711775044796,-0.003586158440995857,0.03358760110939096,0.023398922882418516,-0.004561844070477994,0.029252653134381745,0.03629641310550835,0.03841623806962824
Madagascar,0.04760065105054001,0.060178243988064706,-0.12673788126918395,0.09784892130307199,0.05257003593233156,0.04602899972205976,0.050226070038439374,0.062405784446225576,0.07128513546232251,-0.04013860591901275,0.0026311086430232944,0.014543921630356449,0.03027508097730358,0.02255204037183134,0.0331585415234501,0.030541560135474155
Malawi,0.015760778312592594,-0.04974963853105008,0.01700000017506431,0.057056394477772,0.05420497681335412,0.032687258235318595,0.04699999997637061,0.0959999999843002,0.07639736781018591,0.08328110277389378,0.06874065631160597,0.048540551058922965,0.018857995152164797,0.051999999908004524,0.05700000001406336,0.028000000058057806
Malaysia,0.08858911156360527,0.005174684042775768,0.05391061623501048,0.057884648893535395,0.06783392629683305,0.053323804186311996,0.05584735089963,0.09427516030753158,0.03319884239210791,-0.02525832846049736,0.0698098801892808,0.052937647294101886,0.054741413020404694,0.04692884582791934,0.06012336976867316,0.049689184116258556
Maldives,,,0.05393036189863398,0.14550585931248472,0.13159928081742311,-0.08124739436026807,0.19888082227345505,0.10171986064864336,0.12671755696420206,-0.05323751432171209,0.07166771449312526,0.0870933893818635,0.024964899877141455,0.04699793668318808,0.0599732642274966,0.028466435116861533
Mali,-0.0006083496116792153,0.15376239451071383,0.031063082476370463,0.09119042000038413,0.015599986587337966,0.06534762655613569,0.046621868878661044,0.03493616805680633,0.047733827290301845,0.04679065700175866,0.05413452214754688,0.0324025291602994,-0.008361788597383235,0.02303584806520842,0.07043356203310536,0.05962581586462701
Malta,0.06770193919118017,0.0060835374091010586,0.0298281836545522,0.02543768579029404,0.004434125293647506,0.03783652260365011,0.018287168763254424,0.03986448710294299,0.033465127353657254,-0.024622777241196325,0.0354268321758342,0.013961849197105858,0.02581489741100884,0.045111013852316306,0.08305633824001224,0.07426946134455137
Marshall Islands,0.058906943136676215,0.05363361510900355,0.02615853585958061,0.0017013307105402387,-0.0005542039469076387,0.02750209016833627,0.0192350945123958,0.03554681017042527,-0.016359044633662667,-0.01709448198470731,0.06437826641181932,0.016769742029349777,0.03699785175384673,0.023590989788834227,-0.00949691121497731,0.006344668155547906
Mauritania,-0.004304062590200108,0.02008796940685209,0.0066500413635757205,0.059782533786033154,0.057474235212423785,0.08969422314077624,0.18869099344107454,0.028178367803912918,0.010799671660130183,-0.01042081716036225,0.04773697184302872,0.04704066528038431,0.05795078182047653,0.06090258731317366,0.05579543849989088,0.013999999946190611
Mauritius,0.09026614095841601,0.02573570290144822,0.021133132928430554,0.036568563942793064,0.057457675355857774,0.012413875380740347,0.08538255612859125,0.057270161503270245,0.05386962554167862,0.033150769958823156,0.04377203232418991,0.04077538082173704,0.034961183293388265,0.03360406101757829,0.03744574436196113,0.03468664131915156
Mexico,0.05296552680431721,-0.006055363321799345,0.0013191888872898794,0.014227329293150515,0.042957108121543186,0.030325805888099744,0.04944609282196999,0.032042523909726395,0.014001893975996715,-0.0470005241339877,0.05109846704598864,0.0404421907851551,0.040186898796678916,0.013598924041174687,0.022652767418868125,0.02629793585372897
"Micronesia, Fed. Sts.",0.04563209517175748,0.017471933138866413,0.005998995490754444,0.018258614127089956,-0.03231262240771715,0.021605563307703912,-0.0016339844618465937,-0.0205967684657975,-0.025596441455881025,0.009619553306484896,0.02530578824853502,0.020505671548620708,0.005641580063249663,-0.03561500955985586,-0.03402905315572202,0.037726855249047064
Mongolia,0.011460621414426608,0.029527105253073005,0.047329784688325605,0.07004634570338575,0.1062540597431123,0.0725366543824073,0.08556234800318707,0.10248016372598179,0.08900367938183784,-0.012685989430818001,0.06365161689055232,0.1729077735249136,0.12319819727591419,0.11648915835184259,0.07885225829773512,0.023571711804022177
Montenegro,0.030999974223045124,0.011000010277669281,0.018999988562146353,0.024999984045152246,0.04400003581221723,0.041929940248261355,0.08566242780310662,0.10657901329211272,0.06922597541577513,-0.05656917495948033,0.024637324025173157,0.03228454111066115,-0.027237678604213,0.03549014089817848,0.017837089635605707,0.03402856766004958
Morocco,0.019128729810628187,0.07319967454899778,0.031214496551567716,0.05961162155345168,0.047970183612864536,0.03291639685627179,0.075746316444808,0.03531594151284856,0.05923277685208683,0.0424375732081157,0.03815717917779482,0.05245697297000129,0.03010383119769977,0.045349297447061065,0.02551044555720683,0.045081134966493686
Mozambique,0.01678502987570729,0.1272096582993869,0.08794057570964187,0.06500606678659326,0.07811186094502376,0.08720667882979649,0.09851055459728997,0.07426061003169515,0.06876205437891114,0.06351461691361826,0.0668773184192002,0.07117606630906059,0.07198185829387405,0.0714168329709739,0.07443837430865852,0.06593900796006169
Myanmar,0.1374593055722899,0.11343997066791989,0.12025513435864466,0.13843996892715715,0.13564661613635876,0.13568950024071724,0.1307610137782309,0.119914352404767,0.1025530539368773,0.10550009094403823,0.0963443945182565,0.05591482380148127,0.07332670446991729,0.08426001023376561,0.07991243344128685,0.07294031844854909
Namibia,0.03492183212839173,0.011779488645785818,0.047886613033221836,0.04239794319784318,0.12269548020029775,0.025292626121375283,0.07073175358602679,0.06617094456562111,0.02649811961670201,0.0029597102881275816,0.06039249410721825,0.05091338200922335,0.05061682010162394,0.05654360807184933,0.06458809615800654,0.05295222350480855
Nepal,0.06199999990782867,0.047997626385744674,0.0012026690041777588,0.03945037762803638,0.04682603251873152,0.034791810452621474,0.03364614783686459,0.03411560275349412,0.06104639146554103,0.04533078716113326,0.048164146496771476,0.034218282461940364,0.04781192255074029,0.041288776788872994,0.05988984660660446,0.02725272187800809
Netherlands,0.0423867688016355,0.021242857570634932,0.0010369171839035296,0.0028385828920791667,0.02030772253724389,0.021602926193255323,0.03518747078431139,0.0369837646957496,0.016991123561776122,-0.03767647906402072,0.01402730292669907,0.01663577995910992,-0.010570337197049473,-0.0019029710596256688,0.01419648333065382,0.01951772823131015
New Zealand,0.029037358268961366,0.03446913493533743,0.046696371737746656,0.04557801616839785,0.03947327604926021,0.033013026156761605,0.028043592873186363,0.028873308698523337,-0.011197902441688945,-0.003038338305159649,0.01527262148833608,0.022697348223848834,0.02246044240467482,0.024498450497471902,0.0340444501050754,0.024320096565994875
Nicaragua,0.0410159015196474,0.029608435312303838,0.00753938946573407,0.025207329215843677,0.053121705249735696,0.042823983133614796,0.0380486461691949,0.050763520092463876,0.03435716937955369,-0.03292665158886343,0.04410099123190192,0.06316685526765564,0.06496136479555914,0.04927094127357523,0.04785460142614739,0.04852964341339727
Niger,-0.014095093570736572,0.07104340622347616,0.029991220449377742,0.05299999989714155,0.0009999999653995673,0.045000000112867866,0.057999999874441155,0.031465704046615306,0.09587673208288705,-0.007126711664859342,0.0836923978368167,0.023114002165903536,0.11813663281383291,0.05268378733522816,0.07049797954704262,0.03605301595412813
Nigeria,0.05317576560127879,0.0441152190202827,0.03784188151148582,0.10354365546784816,0.337360338162199,0.03444633717305767,0.0821062813800304,0.06828517307187498,0.06270172269521446,0.06934467361790286,0.07839711073190125,0.04887525673193127,0.042792560061999385,0.05394324501752701,0.06309937946596467,0.026525310368462396
Norway,0.03205308440645571,0.020852176755843832,0.014378966358342682,0.009197531188996688,0.03959092591723623,0.026247225948819564,0.023951013067743165,0.02929694025113716,0.0038439156935161645,-0.016226740171228382,0.006019302145961136,0.009689004426792325,0.027486889819011262,0.009987133692630268,0.019188796735944758,0.016109154160147465
Oman,0.05401372716987862,0.044824540958638526,-0.011005652505595931,-0.026689694460178104,0.012921125629908436,0.024904583603172714,0.05372068298984578,0.044526943037623834,0.0819969581417368,0.061124537606050966,0.048033337956306266,-0.011069128757470348,0.09331575256123892,0.04373319337613024,0.025415614636495665,0.05652702755341177
Pakistan,0.042597914005960025,0.019829016205180627,0.03223896034566165,0.0484682952056954,0.07368072200941822,0.07667846298516245,0.06177037288903997,0.04833098909931177,0.017016765197390926,0.028316666077717656,0.016065108074363454,0.027484823034040318,0.03506635286889059,0.04396448920100693,0.04674823577194487,0.04712432946289136
Palau,-0.013129295978178246,0.043173862346175484,0.06599552573841039,-0.0634837356345046,0.06946778724257774,0.012572027184424295,-0.02741852057016325,-0.0005319147507707456,-0.05588078759241866,-0.09075535526386769,0.03285802868342391,0.05042016811751915,0.03200000020303806,-0.024363234137995127,0.04256526714406994,0.09363091996398953
Panama,0.027153734934903584,0.005742730698900633,0.022291495194584066,0.0420549576420266,0.07522080094333905,0.07191278850267557,0.0865246579919281,0.11983985445045442,0.08611646135488993,0.01598358806842204,0.05767349874510774,0.11808066237395054,0.09229952302015154,0.06624158954433068,0.06053334056813631,0.057773934737980204
Papua New Guinea,-0.024948417256346667,-0.0012128876137724731,-0.00158900355192082,0.0216410252239434,0.027211754084260464,0.06344796041038081,0.022944661616433493,0.07151762435520514,0.06610958319421179,0.06141482295310796,0.0767433164850515,0.1066932893118202,0.08087543147898546,0.05537412006070541,0.08533901801195753,
Paraguay,-0.02314146031491382,-0.008340579064980647,-0.0002140197708651037,0.04320749917565081,0.04057419172265142,0.021334861664079385,0.04807120264378195,0.05421622464353737,0.06359117017832361,-0.03965695885563758,0.1309300367549291,0.04342407085488542,-0.012389685075017032,0.14036277674974795,0.047223337436681945,0.029622363149198527
Peru,0.026943713975533967,0.006178923257712299,0.054535289386834496,0.041650231362265755,0.049582032060569325,0.06285508040105614,0.07528406405384458,0.0851868131868132,0.09126701231367473,0.010957195670571407,0.08332231866179085,0.06326891661978329,0.06139752522902153,0.05852463151825282,0.023547702538612603,0.032507705612346616
Philippines,0.04411421717255859,0.028943421514503687,0.036456394988214846,0.04970152156675001,0.06698165647581988,0.04777552915088723,0.052430613103509716,0.06616636078958682,0.0415229827920216,0.011487356271681959,0.07632200519850296,0.03659483644052086,0.06684066797167643,0.07064025661006501,0.06145161563330448,0.06066465208620708
Poland,0.04559281233672774,0.01247995879866215,0.020416381549864582,0.03562431568733926,0.051357646917251865,0.03493683028658001,0.0617956225906342,0.07034838159291334,0.04249738764559097,0.028201224594117003,0.036069549579148985,0.050166798450307803,0.016065812816493663,0.013909364283004821,0.03282501041329189,0.03844545267835464
Portugal,0.037872785323475266,0.019433439791119778,0.007688115104598214,-0.009340040807711225,0.018114912732373423,0.007668999193425341,0.015528460912756836,0.024919795665344413,0.0019953276078517046,-0.029783191311057777,0.018985474401679525,-0.01826666051203718,-0.04028211156229966,-0.011303813366826065,0.008932915292718446,0.015944028467971272
Qatar,,0.03898186616665922,0.07182151742099596,0.03719958635115539,0.19218915324290609,0.07492758505617725,0.261702456757952,0.1798565679136035,0.17663556380514023,0.11956538410665751,0.19592063006575922,0.13375745272613937,0.04687081447644825,0.044098931363504734,0.039792075121246606,0.03550916105342816
Romania,0.02395493901871326,0.05591773274051448,0.05183711778736444,0.05525038271675675,0.08358287691424504,0.04171797588705295,0.08055504010226588,0.06864091996132915,0.08458718217312633,-0.07066971047259474,-0.00798346619427226,0.010565601971451954,0.0064085573088772385,0.035315256260937344,0.030764012549817643,0.03937763591591392
Russian Federation,0.09999965320043969,0.05091859876118954,0.04743952560474396,0.07295813642655968,0.07176096879532334,0.06375983794374518,0.08153310648393841,0.08535203746599418,0.05247761074949975,-0.07820593809222998,0.04503837719298254,0.042638302337171696,0.03517742807904711,0.012795664299124487,0.007318843622707627,-0.02828250343928107
Rwanda,0.08357348714589352,0.0851063826788454,0.13186274533465348,0.022087483715816703,0.07415254243267122,0.09388560158058379,0.09231878830528628,0.07692307685032973,0.11158798276666171,0.06287920581794193,0.07291126094944511,0.07787182584826535,0.0884002693462167,0.04700061833898839,0.07619610159613477,0.08873033297937183
Samoa,0.06918790293747135,0.06939765831258482,0.043439955965031585,0.045154791259723215,0.04625001959080999,0.041564921080004646,0.01968807921966942,0.06322641762381687,0.010090866673075016,-0.04808272199791419,0.004791587078581516,0.057785442991088454,0.00402103617390126,-0.019338587571496757,0.011961473426865599,0.01634776020524842
Sao Tome and Principe,,0.03189933298756231,0.023768774908632606,0.06573472679694525,0.038322271054443524,0.0709377048244686,0.09115646492593421,0.032536049373818265,0.08186171802250719,0.0242628136051104,0.06671985296330663,0.04398201689788461,0.031419758606681114,0.04814794376754117,0.06207681737030746,0.03973255142902721
Saudi Arabia,0.05625203675489576,-0.012106333212911657,-0.02819300006406289,0.1124206883291674,0.07958538169230045,0.05573941463436949,0.02788332806183691,0.018471019425762902,0.06249728394141996,-0.02059255450512043,0.050395235301721186,0.0999683836071843,0.05411429387739641,0.02699313578860063,0.036525571397682643,0.04106399491991808
Senegal,0.03186639106839961,0.045809164158476356,0.00654803686562877,0.06683228142641418,0.05870772209366648,0.056226068589057876,0.024615702486403546,0.049384850853353646,0.036825244005312285,0.0242317592454373,0.04179363057400587,0.017611180515660907,0.044111802787229815,0.03485217349491987,0.04311051019106649,0.06485194757572543
Serbia,0.07759209405490286,0.04992714031219703,0.07115788083467045,0.04415414061796952,0.0904651306064892,0.05540426974307766,0.04904348855238849,0.05888760080001565,0.05366683422091745,-0.031159716898586653,0.005844780881745448,0.014014657337116487,-0.010152703860521473,0.025717341070833344,-0.01831301106958194,0.007577151513132874
Seychelles,0.015143388231403154,-0.022711627682035274,0.012128312703451716,-0.058871275253902455,-0.028504536545089665,0.09005761419628189,0.09406127876709625,0.1042143611126587,-0.021468926567647872,-0.011052457879482946,0.059549624683285174,0.07887279600728325,0.06610243639908031,0.060498221080779846,0.033169850593762096,0.034978138330168385
Sierra Leone,0.06652727853974216,-0.07140319709044551,0.26268576593470216,0.09382384953455891,0.06417536701231774,0.04332484386280511,0.05525833154636084,0.08058321559934067,0.05399676704737377,0.0464951291570177,0.053651432174226965,0.04810186469485367,0.15181769064767425,0.20715768297575643,0.04556772371342488,-0.2049084799484473
Singapore,0.08896949871663029,-0.009517365474269623,0.04211363926402467,0.04435207929636009,0.09549035026003949,0.07489516565715082,0.08860277535336247,0.09111454292063725,0.017876869057482203,-0.0060367924574008525,0.15240671687260843,0.06224463036434846,0.03871178395941666,0.05001150042168212,0.03572393448847411,0.019327366747623254
Slovak Republic,0.012101733753704824,0.03316468194427369,0.045227922385714825,0.05418715934978979,0.052588364022994716,0.06750960833023556,0.08452887748861992,0.1079957704828316,0.056297790248513335,-0.05422542313223466,0.05041716665079177,0.028190995171954558,0.016571486872090313,0.014906464378116269,0.025708525933007653,0.038307356963590555
Slovenia,0.041554339607606794,0.029493655316293887,0.038363052789487595,0.028420830074946446,0.043517955383217455,0.04003007363810407,0.05655999211239626,0.06941645669544094,0.03300130299401416,-0.07797276575014456,0.012377559066568455,0.006493669277042313,-0.026894135877103098,-0.010869227705985751,0.031062801915955562,0.02316644860673045
Solomon Islands,-0.14267483029097927,-0.07978564434191393,-0.02800002509423405,0.06500001831284341,0.04898370932063778,0.05421193247068068,0.06946649984796105,0.07320001276115495,0.07094495140468715,-0.0472787245596028,0.06895556835658323,0.12928475029888054,0.046606118534554763,0.030143868455524192,0.01507426290919267,0.03734439833125047
South Africa,0.041545897488911354,0.027356522455644905,0.03667557428626633,0.029491097458476556,0.04554506854134854,0.05277120715116501,0.05603796069863565,0.053605066341449126,0.031911214249454645,-0.015382453029594512,0.03039728118240026,0.03284409975782543,0.022131826236789998,0.02489293564530093,0.016994935007054623,0.012989591378688381
Spain,0.052887565834669026,0.04000904749062628,0.028800147221199834,0.03188038149132866,0.03165973272818956,0.037233636294202954,0.04174367659511802,0.03768890396822022,0.01115758211517237,-0.035737382447252886,0.00013972432390896294,-0.010002863948476826,-0.02929575874745105,-0.017059785571506447,0.01379152246576143,0.03204394097437513
Sri Lanka,0.060000331598462964,-0.01545408135185622,0.03964675685156149,0.059402690779132516,0.05445061278515184,0.06241748045536566,0.07668291899036661,0.06796826119729404,0.05950088144132182,0.035389120543947605,0.08015959405321915,0.08404738132081202,0.09144579387436935,0.033957095966446804,0.049607192067233186,0.04838363611605545
St. Kitts and Nevis,0.10694322857327587,0.05463776709211654,0.025821712804457553,-0.03615200479894809,0.03606676836611267,0.0877143649812735,0.018120294050118835,-0.001765390596284,0.062919152238891,-0.03020041571609744,-0.022491030718139182,0.023987306248947515,-0.006005504103816284,0.062198944796868716,0.059630565520398804,0.0376291155299997
St. Vincent and the Grenadines,0.016374383953370097,0.017094146011066513,0.06323310425948603,0.07689791238281019,0.04156284298253787,0.024880048516872755,0.07688359200745021,-0.015815732140840644,0.06667012422282781,-0.020990612497618466,-0.03353525891074782,-0.004193514861675962,0.01380642998083581,0.018322860502131055,0.011521162007256391,0.01603083782299608
Sudan,0.0634586776690571,0.06500360421456408,0.064272739010794,0.07734591717722394,0.03883307291295002,0.07489738140402524,0.10064308003907874,0.11521910031450422,0.07801963335180617,0.03241847571767131,0.034693350935672385,-0.019677289796628195,0.005215592672083602,0.04394711132284157,0.02679411812539345,0.04906045174709406
Suriname,-0.0006868723969583046,0.04553077427319274,0.04299944408144363,0.06010154551432323,0.09256031937886444,0.04570714931333808,0.03842137413901958,0.05111487820823646,0.04143406524283777,0.030136986389700304,0.05168825158418433,0.05849367781788728,0.026903500457099883,0.029334412391995635,0.003636006303181283,-0.027024380788504
Swaziland,0.017601739424001117,0.01054764933430663,0.04380098992884984,0.03880213610524064,0.03623914296324804,0.05998776363565694,0.05992166756103923,0.04435375795042251,0.008216638732534864,0.01565048944525138,0.03793754703346752,0.022472300157914127,0.04735783813865968,0.06857077148536583,0.0424611525916494,0.014640463584476793
Sweden,0.047353407290015914,0.015633196142517125,0.020736131424016868,0.023856786303329214,0.04320657661831606,0.02818229439497122,0.046880676230052876,0.03404936014625237,-0.005569879271536737,-0.05184596833601518,0.05988949221106732,0.026643296790600735,-0.002864037974431133,0.012413142009064737,0.026043148411569517,0.04084976759052794
Switzerland,0.039460527645592824,0.014466340365495878,0.0014335499631925597,0.0004968498902451213,0.02842849525174107,0.030383569559831125,0.04012799164136216,0.04140322628297932,0.022772326383840413,-0.02129618232472341,0.029539460049279764,0.018045143829500176,0.010480026094436878,0.017805712680089236,0.019968975127517385,0.008422802789127104
Tajikistan,0.08300001036141302,0.10200001038453621,0.10799999932513837,0.10999997093486824,0.10300001726205377,0.06699997055183604,0.07000001904962194,0.07800001326229089,0.07899997848922813,0.038000009843505156,0.06500000360053737,0.07399999381090128,0.07499999158374138,0.07400000581286004,0.06699250655361255,0.060000000026791955
Tanzania,0.04933846624565996,0.0599782886093454,0.07163553537561462,0.06886226529297468,0.07828298383117516,0.08173335835686357,0.04660570991834612,0.08464381242523444,0.055665956476148803,0.05382346170734498,0.06358886080025838,0.0790450757377541,0.05141013618489665,0.07263060031695145,0.06965133317714223,0.06959374419896447
Thailand,0.0445579944824277,0.03444458734474898,0.061489003645470275,0.07189020283695657,0.06289293449628275,0.04187824247965022,0.04968160497873253,0.054350125056653154,0.017258178529806933,-0.006908230403726123,0.07513545373455166,0.00839917327509121,0.07243073523853827,0.027322952472864204,0.009146011615909666,0.02941199542921691
Togo,-0.007834796036680691,-0.016268062601007327,-0.009221510434802127,0.04954397661501275,0.02119065343199278,0.011804069525208849,0.040524125339716166,0.02290453897095257,0.022254802198119483,0.0351029667198397,0.039956787858925535,0.04883763932237173,0.04820343509704106,0.03967792629320166,0.058717263406079745,0.05365887568227112
Tonga,0.033698396917114515,0.03601788647384896,0.03418876663021719,0.021085816488462195,-0.0035142000860638456,0.015821683706185752,-0.008122221076154235,-0.04165775704072516,0.030946082838851252,0.022998004113521597,0.03574969428405983,0.027923984618116515,0.008894366660378683,-0.031261646167952906,0.02064684571736719,0.037062011157252384
Trinidad and Tobago,0.06901359504156268,0.041685240856289996,0.07936709640755657,0.14441416431162502,0.07949593639017327,0.06208992993716711,0.1320805776036147,0.047541899578742663,0.033904213675208794,-0.04390592478494415,0.03323330509926681,-0.0029435443135057415,0.012939789528936929,0.026539184226477053,-0.005759252516016167,-0.005785215677661992
Tunisia,0.04709859947977235,0.03796183825481747,0.013225636178490596,0.04702411815925678,0.062357938684407754,0.034865358170528715,0.05244195183734335,0.06709620391440407,0.04237776836764806,0.030434489539693077,0.03510608638217638,-0.019171776784378758,0.039976660788991314,0.028747542925157354,0.028231595806571086,0.011494083931921972
Turkey,0.06640204383267756,-0.059624019303900155,0.06430264294069254,0.056082904496030705,0.09644376883135286,0.09009729772706954,0.07109786098613147,0.05030380325068773,0.008452690327356072,-0.047044389738204795,0.08487399682356744,0.11113428693949934,0.04790015612265486,0.08491322861647577,0.05166267373361122,0.060579464224764346
Turkmenistan,0.05469064133079238,0.043438457143364584,0.0025717992320033467,0.03268828566272397,0.05000407436117826,0.13040363407618916,0.10967095507858415,0.11059299469227679,0.14700000003613134,0.0610000011447005,0.09199999988878438,0.14699999926648877,0.11099999961861395,0.10200000100486117,0.1029999996982669,0.06499999911477872
Uganda,0.03141907331306437,0.05183661131884776,0.0873268576731765,0.06473258670849047,0.06807233342845587,0.06332565117665512,0.10784744380292799,0.08412425969937054,0.08708751896164935,0.06736995440717619,0.05664369912543954,0.0943893259844637,0.03853291989133334,0.03574220219762214,0.05246819025465266,0.049934051904236165
Ukraine,0.05899999999667149,0.09200000007901421,0.051999291197349695,0.09399920158125852,0.1209982466601991,0.027002350101626105,0.07300178581092043,0.07900083575895556,0.022996641315162103,-0.147997780751281,0.041997686373351995,0.05465654018365895,0.0023841558206165736,-0.0002642761268246696,-0.06552997892188572,-0.0977287446680215
United Arab Emirates,0.10852388062205365,0.013993563162726819,0.024332364880999657,0.08800431279413701,0.09566599261669761,0.048551639845182404,0.09837314030159261,0.03184463271839677,0.03191777487512293,-0.05242909397768081,0.016352518792774662,0.0635918311025252,0.051045362844373,0.05789811511732679,0.03285163383059042,0.038288390063150324
United Kingdom,0.03744977712035502,0.027258889606073256,0.023970627540900624,0.034665457726000826,0.025276286497036837,0.029721049496231444,0.025031546204184574,0.02555723692282519,-0.006272955307685901,-0.04327690961771524,0.019152523888222417,0.015092522472095027,0.01312871246984404,0.019109707731527648,0.030705130218968923,0.021941806017518495
United States,0.040922600771290396,0.009753718605218342,0.01786228976949622,0.028072001469417796,0.037853973736712065,0.033453596046393086,0.026665556180204275,0.017786280700093915,-0.0029158972860235943,-0.027758718315957776,0.025324088031353664,0.01601133356499429,0.02224414627729554,0.01677368712280125,0.023704509931721462,0.02595580281254839
Uruguay,-0.019299306390658577,-0.038441299666414075,-0.07732007210942571,0.008052839173990023,0.05004160362873744,0.07460132106043615,0.04098577363636102,0.06541510845949938,0.07176144663894979,0.04243494176056517,0.07803409669262051,0.05162133025436466,0.03538178707157469,0.046375386438869626,0.03238791215436132,0.0037074126610143754
Uzbekistan,0.037999999894055225,0.042000000081912514,0.040000000000000036,0.04199999995636006,0.07699999998206364,0.07000000007096396,0.07299999994786277,0.09921153849087672,0.09000000000650066,0.08099999997688978,0.08499999999641394,0.0829999999972797,0.08199999999737062,0.08000000000694296,0.07792522372454846,0.07999999997987195
Vanuatu,0.059220445517592424,-0.03488507768127147,-0.051112185582845804,0.042934311776895884,0.039847548324038584,0.05302852308116668,0.08465159864013061,0.05173513261467333,0.06448521353308156,0.033128158003653985,0.01629081591284076,0.012232255379718948,0.017547499295998747,0.019691460720768106,0.023310062156564282,-0.008010941736982469
"Venezuela, RB",0.03686984853758579,0.03394264910471412,-0.08855425316133692,-0.07755527727691702,0.18286555993471088,0.10317914406106543,0.09872140239977312,0.08753817959682353,0.052777111109976405,-0.03202235065007508,-0.01488726815372321,0.041763417779145495,0.056260558772692315,0.013430962633217636,,
Vietnam,0.06787316408852218,0.06192893310663572,0.06320820988156273,0.06899063491663915,0.0753641061125141,0.07547247727204609,0.06977954812397602,0.07129504484200311,0.056621896502900615,0.053978482139401596,0.06423096341855228,0.062398647483007386,0.05247389701703398,0.05422397765932008,0.059835501763526366,0.06679324748852133
World,0.04399332731286365,0.019406783563904018,0.021437620922992284,0.029147011936102363,0.04453114489438992,0.03846098803594944,0.043262108360263785,0.042561201541555516,0.01819296228369427,-0.017354581301476935,0.04326862193855585,0.03156152228470166,0.024390208027205373,0.026007796739153877,0.02830700936802888,0.027342692079996178
"Yemen, Rep.",0.06181915591742326,0.038036458709503895,0.03935231504785763,0.03747398187086315,0.03972696401532949,0.05591748076314751,0.03170409358290738,0.03338427957102619,0.03647569466791922,0.038662295166749905,0.07702307039563094,-0.1271489689591616,0.023929902119159463,0.04823519066195803,-0.0018869023365761795,-0.28096834888311417
Zambia,0.03897322943879389,0.05316868267840036,0.04506014279828108,0.06944973987189496,0.07032395115239654,0.0723559900350732,0.07903694444824483,0.08352436243994887,0.0777389581376835,0.09220348407557921,0.1029820585555401,0.055646247147274286,0.07597616966794751,0.050593763804954284,0.0469582637266861,0.02919881111536604
Zimbabwe,-0.03059189626510428,0.014396150739645952,-0.08894023417201014,-0.16995074529866017,-0.05807538298161652,-0.05711083839938702,-0.03461495050859753,-0.03653327039424081,-0.17668946593554913,0.08709225262852849,0.15446872487218588,0.16332467217716062,0.13609170160978157,0.052703545525498496,0.02765270697801836,0.014239333902733353
