,Albania,Argentina,Armenia,Australia,Austria,Azerbaijan,Bahrain,Bangladesh,Belarus,Belgium,Benin,Botswana,Brazil,Brunei Darussalam,Bulgaria,Burkina Faso,Cambodia,Canada,Chile,China,Colombia,Costa Rica,CÃ´te d'Ivoire,Croatia,Cyprus,Czech Republic,Denmark,Dominican Republic,Ecuador,Egypt,El Salvador,Estonia,Ethiopia,Finland,France,Georgia,Germany,Ghana,Greece,Guatemala,Guinea,Honduras,Hong Kong,Hungary,India,Indonesia,Ireland,Iran,Israel,Italy,Jamaica,Japan,Jordan,Kazakhstan,Kenya,Kuwait,Kyrgyzstan,Laos,Latvia,Lithuania,Luxembourg,Madagascar,Malawi,Malaysia,Malta,Mauritius,Mexico,Mongolia,Morocco,Mozambique,Namibia,Nepal,Netherlands,New Zealand,Nicaragua,Nigeria,Norway,Oman,Pakistan,Panama,Paraguay,Peru,Philippines,Bolivia,Poland,Portugal,Qatar,Cameroon,South Korea,Romania,Russian Federation,Rwanda,Saudi Arabia,Senegal,Singapore,Slovakia,Slovenia,South Africa,Spain,Sri Lanka,Sweden,Switzerland,Taiwan,Thailand,Togo,Trinidad and Tobago,Tunisia,Turkey,Uganda,Ukraine,United Arab Emirates,United Kingdom,Tanzania,USA,Uruguay,Venezuela,Viet Nam,Zambia,Zimbabwe,KP Annex B,Non KP Annex B,OECD,Non-OECD,EU28,Africa,Asia,Central America,Europe,Middle East,North America,Oceania,South America,Bunkers,Statistical Difference,World
1959,,,,,,,,,,,,,,,,,,,,,,,,,,,,,,,,,,,,,,,,,,,,,,,,,,,,,,,,,,,,,,,,,,,,,,,,,,,,,,,,,,,,,,,,,,,,,,,,,,,,,,,,,,,,,,,,,,,,,,,,,,,,,,,,,,,,,0,0,0
1960,,,,,,,,,,,,,,,,,,,,,,,,,,,,,,,,,,,,,,,,,,,,,,,,,,,,,,,,,,,,,,,,,,,,,,,,,,,,,,,,,,,,,,,,,,,,,,,,,,,,,,,,,,,,,,,,,,,,,,,,,,,,,,,,,,,,,0,0,0
1961,,,,,,,,,,,,,,,,,,,,,,,,,,,,,,,,,,,,,,,,,,,,,,,,,,,,,,,,,,,,,,,,,,,,,,,,,,,,,,,,,,,,,,,,,,,,,,,,,,,,,,,,,,,,,,,,,,,,,,,,,,,,,,,,,,,,,0,0,0
1962,,,,,,,,,,,,,,,,,,,,,,,,,,,,,,,,,,,,,,,,,,,,,,,,,,,,,,,,,,,,,,,,,,,,,,,,,,,,,,,,,,,,,,,,,,,,,,,,,,,,,,,,,,,,,,,,,,,,,,,,,,,,,,,,,,,,,0,0,0
1963,,,,,,,,,,,,,,,,,,,,,,,,,,,,,,,,,,,,,,,,,,,,,,,,,,,,,,,,,,,,,,,,,,,,,,,,,,,,,,,,,,,,,,,,,,,,,,,,,,,,,,,,,,,,,,,,,,,,,,,,,,,,,,,,,,,,,0,0,0
1964,,,,,,,,,,,,,,,,,,,,,,,,,,,,,,,,,,,,,,,,,,,,,,,,,,,,,,,,,,,,,,,,,,,,,,,,,,,,,,,,,,,,,,,,,,,,,,,,,,,,,,,,,,,,,,,,,,,,,,,,,,,,,,,,,,,,,0,0,0
1965,,,,,,,,,,,,,,,,,,,,,,,,,,,,,,,,,,,,,,,,,,,,,,,,,,,,,,,,,,,,,,,,,,,,,,,,,,,,,,,,,,,,,,,,,,,,,,,,,,,,,,,,,,,,,,,,,,,,,,,,,,,,,,,,,,,,,0,0,0
1966,,,,,,,,,,,,,,,,,,,,,,,,,,,,,,,,,,,,,,,,,,,,,,,,,,,,,,,,,,,,,,,,,,,,,,,,,,,,,,,,,,,,,,,,,,,,,,,,,,,,,,,,,,,,,,,,,,,,,,,,,,,,,,,,,,,,,0,0,0
1967,,,,,,,,,,,,,,,,,,,,,,,,,,,,,,,,,,,,,,,,,,,,,,,,,,,,,,,,,,,,,,,,,,,,,,,,,,,,,,,,,,,,,,,,,,,,,,,,,,,,,,,,,,,,,,,,,,,,,,,,,,,,,,,,,,,,,0,0,0
1968,,,,,,,,,,,,,,,,,,,,,,,,,,,,,,,,,,,,,,,,,,,,,,,,,,,,,,,,,,,,,,,,,,,,,,,,,,,,,,,,,,,,,,,,,,,,,,,,,,,,,,,,,,,,,,,,,,,,,,,,,,,,,,,,,,,,,0,0,0
1969,,,,,,,,,,,,,,,,,,,,,,,,,,,,,,,,,,,,,,,,,,,,,,,,,,,,,,,,,,,,,,,,,,,,,,,,,,,,,,,,,,,,,,,,,,,,,,,,,,,,,,,,,,,,,,,,,,,,,,,,,,,,,,,,,,,,,0,0,0
1970,,,,,,,,,,,,,,,,,,,,,,,,,,,,,,,,,,,,,,,,,,,,,,,,,,,,,,,,,,,,,,,,,,,,,,,,,,,,,,,,,,,,,,,,,,,,,,,,,,,,,,,,,,,,,,,,,,,,,,,,,,,,,,,,,,,,,0,0,0
1971,,,,,,,,,,,,,,,,,,,,,,,,,,,,,,,,,,,,,,,,,,,,,,,,,,,,,,,,,,,,,,,,,,,,,,,,,,,,,,,,,,,,,,,,,,,,,,,,,,,,,,,,,,,,,,,,,,,,,,,,,,,,,,,,,,,,,0,0,0
1972,,,,,,,,,,,,,,,,,,,,,,,,,,,,,,,,,,,,,,,,,,,,,,,,,,,,,,,,,,,,,,,,,,,,,,,,,,,,,,,,,,,,,,,,,,,,,,,,,,,,,,,,,,,,,,,,,,,,,,,,,,,,,,,,,,,,,0,0,0
1973,,,,,,,,,,,,,,,,,,,,,,,,,,,,,,,,,,,,,,,,,,,,,,,,,,,,,,,,,,,,,,,,,,,,,,,,,,,,,,,,,,,,,,,,,,,,,,,,,,,,,,,,,,,,,,,,,,,,,,,,,,,,,,,,,,,,,0,0,0
1974,,,,,,,,,,,,,,,,,,,,,,,,,,,,,,,,,,,,,,,,,,,,,,,,,,,,,,,,,,,,,,,,,,,,,,,,,,,,,,,,,,,,,,,,,,,,,,,,,,,,,,,,,,,,,,,,,,,,,,,,,,,,,,,,,,,,,0,0,0
1975,,,,,,,,,,,,,,,,,,,,,,,,,,,,,,,,,,,,,,,,,,,,,,,,,,,,,,,,,,,,,,,,,,,,,,,,,,,,,,,,,,,,,,,,,,,,,,,,,,,,,,,,,,,,,,,,,,,,,,,,,,,,,,,,,,,,,0,0,0
1976,,,,,,,,,,,,,,,,,,,,,,,,,,,,,,,,,,,,,,,,,,,,,,,,,,,,,,,,,,,,,,,,,,,,,,,,,,,,,,,,,,,,,,,,,,,,,,,,,,,,,,,,,,,,,,,,,,,,,,,,,,,,,,,,,,,,,0,0,0
1977,,,,,,,,,,,,,,,,,,,,,,,,,,,,,,,,,,,,,,,,,,,,,,,,,,,,,,,,,,,,,,,,,,,,,,,,,,,,,,,,,,,,,,,,,,,,,,,,,,,,,,,,,,,,,,,,,,,,,,,,,,,,,,,,,,,,,0,0,0
1978,,,,,,,,,,,,,,,,,,,,,,,,,,,,,,,,,,,,,,,,,,,,,,,,,,,,,,,,,,,,,,,,,,,,,,,,,,,,,,,,,,,,,,,,,,,,,,,,,,,,,,,,,,,,,,,,,,,,,,,,,,,,,,,,,,,,,0,0,0
1979,,,,,,,,,,,,,,,,,,,,,,,,,,,,,,,,,,,,,,,,,,,,,,,,,,,,,,,,,,,,,,,,,,,,,,,,,,,,,,,,,,,,,,,,,,,,,,,,,,,,,,,,,,,,,,,,,,,,,,,,,,,,,,,,,,,,,0,0,0
1980,,,,,,,,,,,,,,,,,,,,,,,,,,,,,,,,,,,,,,,,,,,,,,,,,,,,,,,,,,,,,,,,,,,,,,,,,,,,,,,,,,,,,,,,,,,,,,,,,,,,,,,,,,,,,,,,,,,,,,,,,,,,,,,,,,,,,0,0,0
1981,,,,,,,,,,,,,,,,,,,,,,,,,,,,,,,,,,,,,,,,,,,,,,,,,,,,,,,,,,,,,,,,,,,,,,,,,,,,,,,,,,,,,,,,,,,,,,,,,,,,,,,,,,,,,,,,,,,,,,,,,,,,,,,,,,,,,0,0,0
1982,,,,,,,,,,,,,,,,,,,,,,,,,,,,,,,,,,,,,,,,,,,,,,,,,,,,,,,,,,,,,,,,,,,,,,,,,,,,,,,,,,,,,,,,,,,,,,,,,,,,,,,,,,,,,,,,,,,,,,,,,,,,,,,,,,,,,0,0,0
1983,,,,,,,,,,,,,,,,,,,,,,,,,,,,,,,,,,,,,,,,,,,,,,,,,,,,,,,,,,,,,,,,,,,,,,,,,,,,,,,,,,,,,,,,,,,,,,,,,,,,,,,,,,,,,,,,,,,,,,,,,,,,,,,,,,,,,0,0,0
1984,,,,,,,,,,,,,,,,,,,,,,,,,,,,,,,,,,,,,,,,,,,,,,,,,,,,,,,,,,,,,,,,,,,,,,,,,,,,,,,,,,,,,,,,,,,,,,,,,,,,,,,,,,,,,,,,,,,,,,,,,,,,,,,,,,,,,0,0,0
1985,,,,,,,,,,,,,,,,,,,,,,,,,,,,,,,,,,,,,,,,,,,,,,,,,,,,,,,,,,,,,,,,,,,,,,,,,,,,,,,,,,,,,,,,,,,,,,,,,,,,,,,,,,,,,,,,,,,,,,,,,,,,,,,,,,,,,0,0,0
1986,,,,,,,,,,,,,,,,,,,,,,,,,,,,,,,,,,,,,,,,,,,,,,,,,,,,,,,,,,,,,,,,,,,,,,,,,,,,,,,,,,,,,,,,,,,,,,,,,,,,,,,,,,,,,,,,,,,,,,,,,,,,,,,,,,,,,0,0,0
1987,,,,,,,,,,,,,,,,,,,,,,,,,,,,,,,,,,,,,,,,,,,,,,,,,,,,,,,,,,,,,,,,,,,,,,,,,,,,,,,,,,,,,,,,,,,,,,,,,,,,,,,,,,,,,,,,,,,,,,,,,,,,,,,,,,,,,0,0,0
1988,,,,,,,,,,,,,,,,,,,,,,,,,,,,,,,,,,,,,,,,,,,,,,,,,,,,,,,,,,,,,,,,,,,,,,,,,,,,,,,,,,,,,,,,,,,,,,,,,,,,,,,,,,,,,,,,,,,,,,,,,,,,,,,,,,,,,0,0,0
1989,,,,,,,,,,,,,,,,,,,,,,,,,,,,,,,,,,,,,,,,,,,,,,,,,,,,,,,,,,,,,,,,,,,,,,,,,,,,,,,,,,,,,,,,,,,,,,,,,,,,,,,,,,,,,,,,,,,,,,,,,,,,,,,,,,,,,0,0,0
1990,6.367143247865137e-05,-0.4346433257920843,0.5377974700988919,8.97510881883754,-7.140108711400359,7.721534987211809,0.2032956247171418,-1.1240513255466311,11.49796023692989,-9.57410923381552,-0.08756585095696387,0,-7.442542156995586,0.4140724376286986,4.376204200591136,-0.05716314075091142,-0.18300227613484776,-7.493050854718021,0.1790382423575565,44.69636546896038,-1.8258028492759575,-0.6033104488183845,-0.2930575223594487,0.5696363363103867,-0.272925765363635,3.5877777098938495,-2.2726304492367593,-0.1146702544721423,0.04577584554119696,-1.9414166826381418,-0.4207570917394913,1.4775961901094838,-0.2510519916619911,-6.507646626364766,-27.608525956628355,1.7695228141493984,-39.84419798599396,-0.28375596676298653,-3.570504545267223,-0.4465427033774829,0,-0.20524315480212707,-16.547836334663067,-4.528127263006347,0.42960934963326736,1.438626785788756,-1.8945059063803527,2.0916231967605725,-3.8137755708179526,-34.25203492040231,0.12164510043634857,-45.41157000934879,-1.5399702859359112,-3.489628662915351,-0.6605253502451465,0.05220432119330631,-0.770043944101261,-0.09828347620825323,-0.438533036919015,-1.9762746440569323,0,-0.11930609295114453,-0.23397727417361489,-3.538310975435575,-0.29138661929059007,-0.3263024600749156,-0.6699708772093658,0.2406052024622758,-2.4442048844232627,-0.6260766659520037,0,-0.12773652572753336,-10.770739853203288,-0.43263721982502634,-0.13876204977160422,0.6832490622344434,-2.3673285861315456,-0.4545741281950666,-1.2671764729692327,-0.03958005306945489,-0.3947642170274229,-0.6886596696616438,-5.551792734655962,0.02046517663776215,14.70374553836065,-1.9478820616087624,0.17211180349523447,-0.17989365390272805,-19.798027605776994,3.5284913026475593,138.92029397406884,0,4.317561740825603,-0.045446687679288944,-7.28940181925997,-2.90243074704971,-0.2347196347786058,25.64175840286793,-9.78916243285559,-0.6617222393455429,-7.7066569758159975,-11.332145023288566,-14.18543119998418,-8.899277174975264,-0.08737830645373393,1.4189117937981726,-0.8460312107431518,-17.67208079991041,-0.2246255285832898,53.74648712680758,-0.3651638283584351,-18.21236376185101,-0.38644476629045843,19.699226972294582,-0.2541612170464327,7.615710987273946,-0.5635316954781624,-0.10856031911903408,-0.7083660357852342,-8.806122395748531,8.806122395750064,-249.12444014083195,249.30724426655678,-163.49201585337602,19.534841420950432,-54.60969798352066,0.20103503444041815,29.90484055467535,-11.37229264963089,11.347306369168361,8.332086367569952,-3.33623251458258,0,0,0
1991,-0.07827967249401935,-1.1841179018660846,0.5990043956176181,9.165021835520292,-6.632613780223426,9.376100481706015,-0.00243620079011464,-1.2419360643601296,9.13797564563269,-9.02108367604825,-0.08944067811497144,0,-6.225070499171366,0.28424398152245023,4.509572626429046,-0.05805860431229434,-0.19250828731969832,-9.577905598686144,-0.03351538514524144,57.463318758434525,-1.345636495872105,-0.5213041692335495,-0.2920591846516585,0.3986942515501468,-0.17674993750002765,5.201020381093848,-0.3744211656391023,-0.08433298156892732,0.01373530015472113,-0.35466649230315994,-0.3982660574397585,1.1254903702383583,-0.26952865446283125,-5.294510780262932,-24.074445632262666,1.282443454671303,-36.472477609643306,-0.2925634626956506,-3.2895629271103886,-0.4555097662574119,0,-0.21113707908726864,-17.956746004716642,-3.4222935434815795,4.925762329759493,3.8083752164377955,-2.1091034610104984,2.384852122304004,-3.87939896627495,-32.97638242775233,0.1774663690122471,-47.00719728699249,-1.232543198836174,14.173120028495028,-0.6967650487903423,-2.141990041695131,-0.8959480484398683,-0.10885180501809644,-0.4737777570710513,-2.1243209880441576,0,-0.11668199778544486,-0.22847073327603393,-2.312136462110029,-0.2609775350321174,-0.3454890539380615,-1.872997797290779,0.8802475252256974,-2.14183952860901,-0.5949930535586928,0,-0.1456237811713873,-10.549803581422943,-0.2892429360108437,-0.16466410758672922,0.5734471165555686,-2.095521044137177,-0.5791797352520662,-0.8248175703077507,0.05972344996663703,-0.4210996027448657,-0.7903468477584346,-4.972784518242884,0.02558669350831977,9.819041485657365,-2.0349740164738694,0.41020797546237464,-0.19780351501012233,-19.086732049063386,3.347483393464877,91.87317996967329,0,5.938897330720295,-0.04472892662921901,-7.864768677926087,-0.9102271867367122,-0.3272032023934761,24.028188524183307,-8.621944252262338,-0.7545244563960898,-7.3440635386753925,-11.296417378062323,-11.395997070432166,-7.012325647234803,-0.0955905321659416,1.6149452385998861,-0.5147370806877642,-15.266222156983233,-0.22796891181411125,46.38852022199738,-0.3102007759438141,-17.905256790549544,-0.407130584878723,27.560032936401967,-0.2449646502850067,4.782933645736399,-0.5198103813420172,-0.17761250497575154,-0.5809002824674572,-45.01629072475133,45.01629072475209,-228.8949111616834,229.0745087975092,-149.99489128116244,20.993855200464182,-11.177182495372879,-0.42039919991237884,-14.668052920992373,-13.651551794444332,15.8845627215027,8.617104842267228,-5.576417079791197,0,0,0
1992,-0.09748016283188576,-2.1767315066659876,0.5487130347770365,9.802814278834688,-8.67579849912325,11.555871426487636,-0.12850757137605262,-1.4233251703865148,12.264391328529943,-14.087115990789414,-0.08873426583923075,0,-5.830348386509137,0.17198560926462814,4.136177655000317,-0.0620078656100905,-0.2073058519870557,-9.515601434765486,-0.3803855182524476,41.77731252586864,-1.8565087456738425,-0.5357261377009559,-0.5428740943168062,-0.4407791645898138,-0.4170895099195795,-1.0955967712395633,-2.913542346181149,-0.09892335662526808,0.42457223483481066,-2.1606806950186126,-0.44418445577932864,0.04657030039417087,-0.2959147278740405,-13.458323901342553,-37.86874996256945,1.5902555941097263,-66.4071245615678,-0.3006019004789522,-5.249629992183607,-0.5648802451996948,0,-0.24317964654380386,-19.075692917557767,-8.445832250491431,1.980822267250744,3.543213213495278,-2.5412019595885624,2.1007666057575065,-4.449493844284431,-46.6389594848424,0.27228706292722205,-68.36049599424558,-1.3590350499557835,28.84699976469686,-0.8134386192098555,-1.4749152939643464,-1.837807067386093,-0.11648619749900639,-1.1198130774361554,-8.495240493080976,0,-0.12586625197359552,-0.22590327290889683,-2.8619279063595116,-0.30263276851659127,-0.37483698807001437,-3.259784851206163,0.47523066305076433,-3.1714745889118587,-0.5626405554536085,0,-0.14135449427285418,-18.55419540639876,-0.11163254807489587,-0.20675406376148298,1.3110394882115983,-4.573287433147938,-0.584061917791741,-1.4814679164229219,0.19734565434198315,-0.43620704050731673,-0.8340507146910463,-7.522825033649266,0.01640739996281182,4.769250130404586,-2.583157504191835,0.9914993536256587,-0.14414742199886033,-27.47292831696201,3.2359402838584828,335.56666740592175,0,6.2426852216721755,-0.06312788116554346,-9.849261978330153,-1.5865406125534403,-1.4212940916347088,21.47430422519271,-12.289880006385587,-0.7372066003154114,-10.14024804125936,-13.301884205013945,-21.536226183134318,-13.950786027908762,-0.10751517148841239,1.5632508304937724,-1.8183876971295465,-23.174562870035516,-0.23989111616464381,39.0638356582528,-0.6066969352141243,-26.904183204934213,-0.4100943402106678,5.204328263098205,-0.2683984024432662,2.891357433281346,-0.5222481527039609,-0.18643675288466577,-0.34340296697827544,14.75937513164024,-14.759375131641468,-415.63846863053385,415.9245685370255,-279.4489912311626,13.110489076134991,-72.93314619732575,-1.248575425271039,90.35533332187126,-22.255995684219386,-7.81868435472951,9.399740861966484,-8.607192101048597,0,0,0
1993,-0.08108003622680215,-1.8295275239804738,0.19821916889619273,10.648526428478945,-7.489904137384393,6.566445332709214,0.17908754730624432,-1.3528887913320302,11.019489509730846,-11.61797438594725,-0.08229927910729457,0,-5.254921091232049,0.01509167365875741,3.49499392997952,-0.06179379859583692,-0.18741156277664767,-6.092732658074738,-0.44444786910011125,46.95464361305767,-1.8801747354537177,-0.5035391543537637,-0.39639988197772036,-0.32495470477217836,-0.1465805350381404,1.5301967514718342,-1.689762151705576,-0.048702557702998917,0.2768379821484652,-0.6296101689025022,-0.3886930274744993,0.3371541802245259,-0.28704305452403867,-7.838874500698777,-32.08326596406978,0.5051856654070521,-56.348763509840296,-0.2869494030908897,-4.055466858107788,-0.5103182676453737,0,-0.236725168355436,-17.59468540837718,-6.059277394907227,7.327014757188124,5.234009814696073,-1.8988647597638604,6.099745967282587,-3.9164288622784227,-34.39649781582338,0.15812410184433068,-62.75120821988321,-1.2311089738290524,11.156684803759944,-0.681166036097087,-0.6492703461861158,-1.2658481630643759,-0.12454628575546998,-0.6961774210983807,-4.332622400607043,0,-0.13577784357378286,-0.24881373957929317,-0.5053723020003638,-0.26790264074591696,-0.3862073163275624,-3.0360682855760928,0.8527290982657336,-2.4025637854404165,-0.6215885192520028,0,-0.15154784772175506,-13.212816671620942,-0.2333485483605804,-0.18488959119963388,0.7861737380268412,-3.203845443727987,-0.6650852966101439,-1.311076058617676,0.14326564262352548,-0.37912313042912926,-0.7243403481858888,-6.105745856477489,0.07471481071406894,7.688690196551903,-2.5280596656593346,1.024364779061628,-0.14514631666936895,-20.925674569568656,3.0853876500741144,211.31374457839553,0,6.036600217908244,-0.06269756277438787,-9.069418625753595,-1.155537856643928,-0.9856115987778868,24.20674131654291,-9.032291201875708,-0.7931812573300667,-8.166555314968164,-11.734905599355972,-15.255199981889845,-9.063901447190268,-0.11207519476361302,1.1847354989911412,-0.9894493814559535,-16.247895136684242,-0.28990203532955855,35.91707839634813,-0.09914655571357756,-21.006588595852378,-0.4118303022180647,16.819658081325315,-0.32613412956673926,4.1605910557200545,-0.675168230990332,-0.23151650693527293,-0.31568794792729893,-18.30227558746526,18.302275587465658,-311.12844193820405,311.33024033899295,-209.1979273776064,18.064371828701994,-54.16317602814824,-1.3089347618562233,34.903998103604735,-8.870077138349878,7.45467683938807,10.167234515569046,-6.246071357151257,0,0,0
1994,-0.11257452364309273,-1.6674225581110136,0.22237408114500756,9.621248411950063,-7.3125165821956095,6.193232305735702,0.09654776251212605,-1.5469776562087425,9.850601104878171,-10.515045454674123,-0.1012167952693841,0,-5.99304334712771,-0.1346074511815223,3.974963146951639,-0.06294689910275322,-0.20276594944040177,-3.593690027970723,-0.15728458332035622,100.6171184491061,-1.9579762380981904,-0.45928289904027375,-0.27831123914776246,-0.3911881020843895,-0.07436557034407332,1.3791235257915915,-1.0759260416095948,-0.07311395076383187,-0.38306700028324947,-1.4057847301068769,-0.4000133181646055,0.9138107756170468,-0.3107496861129678,-4.536673399421986,-30.19493451469249,0.3155213831249821,-53.599028675775685,-0.29132190007385916,-3.473452627842203,-0.4684005441327861,0,-0.192311270464267,-26.05195295901614,-4.510921822186024,9.128133879947143,5.055352882614088,-1.779666083615714,8.036084306606014,-3.848115366161098,-31.27457020995817,0.18574550953674818,-66.89568384378776,-1.2482331958528792,8.385633377610965,-0.7163021737769877,-0.3552961376040571,-1.1116850121592285,-0.1477526872351092,-0.8777810549474419,-3.4285409892458487,0,-0.1319712155062457,-0.25473603720091353,-0.09589574586089356,-0.2762892068005035,-0.4252943125670872,-2.2175245734020166,0.5505735263820126,-2.221871235961272,-0.6370344793192131,0,-0.15131205929394592,-11.654915155517493,-0.4046562859366283,-0.1793515400421487,-0.1724671894649994,-2.5551247987209855,-0.6551131536981378,-1.2264851818415323,0.20127393817379358,-0.3960906417400979,-0.8680963311383607,-5.4207288154894435,0.16131942821610412,9.966783602866983,-2.521996951721814,0.9230112338578591,-0.1319680376013539,-20.100382526661818,4.604868370908623,131.90168754972194,0,5.819170710394005,-0.0171924393585432,-8.085214648553904,-0.0963815784630988,-0.6579404014518424,24.188409227515493,-6.516989895365697,-0.8631166794629297,-7.1960151544187525,-11.805225506482037,-13.515462538042776,-6.689180943622652,-0.134129991731485,1.575954384724381,-0.5751750360005916,-10.88534879196758,-0.29894849074244106,38.08440997631928,-0.3411462778099583,-20.425933315326432,-0.44007049091593264,13.8449171365844,-0.3699416523441328,5.616306587798626,-0.6987113036854478,-0.2619757537035823,-0.09584366015549062,-73.1693241170835,73.16932411708429,-284.0800607158377,284.246398856221,-181.55152336552305,17.707573722724298,-11.021296023593878,-0.7543486992282902,-15.347461628048183,-1.3893223815496007,7.768845930662717,8.99718853245342,-5.959085449554386,0,0,0
1995,-0.11341978857395862,-1.0289786014327333,0.16596698049197833,11.16125519939007,-7.522864239282992,2.7168240202405505,0.13507986465061617,-1.3843183348649113,7.125691982412594,-11.231696347232834,-0.11110378580635077,0,-7.844274102445283,-0.06899317152557005,4.026876106130365,-0.06933910499321141,-0.17290194384603152,-2.1527124083243336,-0.0239831465352065,97.83382223463946,-2.392313612274428,-0.5175868751550903,-0.214787025339217,-0.6273991171705475,-0.16927333204307304,1.5028638163465686,-1.6844994929100743,0.06508174653485188,0.08355428103817086,-1.1407010379856395,-0.4156956714841311,0.6695294328219195,-0.3155954592833068,-4.595284716247045,-31.125754913110995,0.015547553524634106,-55.09207170262823,-0.30335539637866127,-3.821563474457161,-0.5064610234361133,0,-0.1451167981962307,-26.43270154619257,-3.6088183319339464,11.527998116895816,4.644662945856936,-1.7357212066624434,5.929405156770727,-4.122807144678543,-29.831199838253525,0.12679308415218893,-71.00862524983597,-1.3570728946831871,9.875076131657543,-0.7788193456438242,0.6943774456981249,-1.5313519472768888,-0.16673687813557428,-0.9424053206206318,-3.4560359580772095,0,-0.13236604802376495,-0.26963901814421365,3.28560712943122,-0.3125597219966162,-0.4365915476445858,4.405672305973212,0.5168593235270786,-2.2854726572674213,-0.6875383971508153,0,-0.1547739831114856,-12.43994048237299,-0.6870518264840655,-0.16906726865461885,-0.13994143516653246,-2.7191183172281015,-0.5993960231708142,-1.2997759303979777,-0.046039857773667925,-0.3705097619914266,-0.9602230123126905,-5.2014176480976,0.1910039788987099,11.268979122189265,-2.464779570716514,0.9026341119229908,-0.10790516001335226,-19.03033813829012,5.743490892505022,124.14297285135615,0,3.1697682540672645,-0.058417952319162136,-12.61563553485746,-0.4212927475638075,-0.8357042638963357,26.95097193336447,-5.889913130563343,-0.9072847047810755,-7.029793704328458,-12.583233564475497,-12.643327114528063,-4.7824580611988665,-0.14155627814811544,1.9412153254601279,-0.6785911991055817,-11.30765305118205,-0.3091485469557084,44.80099552973221,-0.9469040177402839,-21.3523633760675,-0.38279920503751885,15.286946265997585,-0.3928620017320734,4.556084031874672,-0.6901771107077526,-0.32559990323538235,-0.3730533661055633,-76.43230294751774,76.4323029475167,-280.0235382425434,280.1999071060849,-182.97919561814314,22.045812312772732,-12.009597936476275,-1.041869830968826,-22.06330416581443,-6.207311730462203,17.243518814284826,10.209636308429516,-8.1746102528726,0,0,0
1996,-0.2508182622821927,-1.14149881101131,-0.1106816684026285,11.189567077254935,-8.572156537411963,0.7227581444756339,0.27727398980289486,-1.5035267486094694,3.557826949094501,-9.93090729883884,-0.143583236510046,0,-8.884002490748017,-0.32430084233660317,3.482134449036012,-0.07679218985007585,-0.2241655795214218,-0.6889870069698532,-0.1482386941791578,103.67501054830018,-2.1842963546061256,-0.5137982311595224,0.2654587696296633,-0.6848461703193882,-0.39629441637300666,2.5722075524056365,0.5175025058344076,0.040079381330971664,0.27319775314384653,-1.5088328234268396,-0.4394156285910571,0.5464103652475867,-0.330790908967765,-2.853002614861719,-28.099688914053388,-1.117769350717038,-44.02686676687472,-0.5438470545248579,-2.757313438385218,-0.5181501691213437,0,-0.2203113401293162,-26.46314106539264,-1.8892258111734996,17.169364258435138,5.96496283329877,-3.313063939983728,3.507490303407394,-4.14256259181389,-22.7724588940345,0.6103181771241148,-64.18082576059123,-0.35944259461582595,10.204184862618465,-0.03350245821080344,1.605251890004915,-0.8174170457446559,-0.1580238398006761,-1.3010274919588638,-1.8220397791948333,0,-0.047346462457447336,-0.3433467121454189,3.1412185076442967,-0.32228404443336744,-0.5029796308156029,2.9645318753911454,0.13083288124122827,-1.1299188995549638,-0.3643803202783183,0,-0.13712524168417506,-9.307380028564523,-0.7849136892362516,-0.15696076124903413,0.030262406190496804,-2.1513146772129144,-0.4015198606112138,-1.3837673810256383,0.1400539171500943,-0.35811908950136084,-0.9031735427257201,-4.790165583675726,0.19197445227353072,13.22379775621377,-2.485957558123774,0.9507927317997096,-0.08731036656647118,-20.35844706920639,7.656739824520987,90.59131141226811,0,4.139132945607102,-0.16247753663157494,-13.688621635648751,-0.6671097084255564,-0.46926526463304885,29.615604628632383,-4.734919906516524,-0.8375615480587986,-7.164612308339162,-17.283307310945084,-6.612185847406117,-2.5241220098896875,-0.11373915700723009,1.8710102258314416,-0.6407582675454444,-2.7284764390342175,-0.18710691791150186,17.507331629040237,-3.3715548483561495,-23.449092641160433,-0.3009750341731585,20.272810420873384,-0.509513217907799,6.426026092568819,-0.9194647943609482,-0.3921405764765127,-1.060950260497405,-94.04321447201889,94.04321447201936,-233.67326731734872,233.8860112642542,-149.02072108040167,28.82384948291643,3.793060367169605,-2.1163086888553257,-57.45908571163873,1.9662542779987007,22.217262406678362,9.956525116855115,-7.180482945707722,0,0,0
1997,-0.17337126872812947,-2.252533698588394,-0.22000704943164728,11.560328290215196,-7.18301464071201,1.0622563138071008,0.806433401827475,-1.5533752034326005,4.251359935205548,-12.86111549854575,-0.19142292560692337,0,-9.62165026151753,0.30458501005133076,2.5740922645784643,-0.08932948523782741,-0.23352095378304116,-5.367976385797903,0.27988268453328047,117.8764051121484,-2.338797536870686,-0.6129182575778489,0.22770697541127705,-0.7119249954112528,-0.1769497476644184,3.1768337838651703,-0.5481613765660249,-0.09505451663635345,-0.2783833701703351,-1.1952165420855358,-0.48921252503746704,0.6515081330122721,-0.3898833961622221,-3.057876338338918,-26.050927267534973,-0.6801776567726074,-39.46859330054602,-0.6819033089873086,-1.7584306836200092,-0.6658335423731669,0,-0.3414897061688924,-29.396321234173087,-1.981760292313325,17.166152757768003,8.305087510634294,-2.848509949757915,0.35702283372124555,-4.016561545209754,-23.101935484207957,0.5377601964564938,-57.863966137059435,-0.9179901476722203,10.05852989703385,-0.2617839615816391,1.8759058944561318,0.01564240713773568,-0.13757485407992387,-1.4288499318806038,-1.7558103253968635,0,-0.04854529927551682,-0.3342728640624758,1.0558661109045389,-0.24889241405386409,-0.4827963993916834,-1.4063046098556526,0.41664457413343015,-0.6591062495225302,-0.2084938442862757,0,-0.12633188724633093,-9.652178179370587,-0.7129815255211263,-0.18714697487340048,-1.111766185625271,-2.092305081953892,-0.42720607691401913,-0.8998626998900257,0.26980438528293105,-0.39690204298063225,-0.9507407958598311,-4.615816592663361,0.06971543614711928,12.597822561659385,-2.845775923824572,1.62565913900346,-0.26081248812132674,-15.58250225846102,7.957285285186636,84.41135693774476,0,2.776969564057275,-0.20347158763887896,-13.068156822853584,-0.5295561054554021,-0.5036100026652672,30.842925177665535,-2.7166403214390726,-0.7316075776813395,-7.105239703206694,-14.246773680066688,-7.842576091220877,2.1698999632508844,-0.12102861906149393,1.421135564594226,-0.8673402517724318,-2.8115051157776705,-0.220150202320668,17.253022802010904,-3.657662387632172,-29.52513651841167,-0.4187312986079076,13.965885816452328,-0.6758718508891455,4.043346144404104,-0.19585975648562481,-0.49237321974530934,-0.3832986303216743,-101.88433441471226,101.88433441471321,-233.6070766564817,233.72049729631615,-149.10334697262127,28.0529714232539,30.44826768738745,-2.4719079210748376,-60.71425311141087,-0.4739042472007231,6.910922799884364,10.352916951644243,-12.104021852694881,0,0,0
1998,-0.2029860347143726,-2.6588724291779258,-0.18672696955778612,10.068128562106182,-8.238146905510522,0.3832582076444506,0.611867168270444,-1.5925432299193778,-3.5692780730068616,-14.220086405988162,-0.2436551405564153,0,-8.611009892022295,-0.037370747600592225,2.0798100804458386,-0.2167271982060128,-0.260656968709727,-4.391880834614682,0.20851705882004268,110.90046398176958,-2.169129244227225,-0.779804705297712,-0.5245202669104216,-0.4729783011290287,-0.5006434248340939,3.0253709302385268,-1.1791318498906662,-0.43778464963425456,-0.5698739076241237,-1.9312702500831378,-0.637326449655208,-0.1465534260269381,-0.5633476837347472,-3.3801579995901214,-26.79588247383846,-0.6421885813445278,-43.185231237248644,-0.6368987815466622,-2.529812890372501,-0.8412284464099771,0,-0.38974649351905644,-21.750076784552398,-2.4259071280895306,17.334298827830594,19.52502341083884,-2.343882446443761,-0.6139888846050781,-4.2103377029068785,-23.17904003764123,0.00636465254007712,-44.21366964599599,-1.0311855471784757,7.700213988456024,-0.8579035731915368,-0.5901079993475769,-1.2630479636616079,-0.14422401483459243,-1.4708877504294802,-1.697996757477962,0,-0.15628843581045826,-0.3194140698935671,8.058788861454296,-0.565031527355223,-0.41583313876545247,-2.9212165361932847,0.324801451953298,-1.178908348982711,-0.5003882931249779,0,-0.5664006432730492,-10.718196729231003,-0.34414129383286074,-0.21201279669151352,-1.2241900477808194,-3.0059669064841934,-0.809556280219244,-0.09847948646764593,0.1779972271410586,-0.2794201701968233,-1.078788068593406,-2.7380395110383624,0.0068654470105729,11.976347141677437,-2.9569093983070864,1.0857982353906062,-0.2521327246044982,3.7426635958518375,4.717523144026476,113.37515816173789,0,-3.1687992784208703,-0.2142698410414996,-11.21309689018649,-0.9793656022855899,-0.7199644071616973,32.04242677532932,-4.914394595607362,-0.8915958189527466,-7.18563942483431,-19.490019170435765,-5.273437830342097,8.373436358012704,-0.16179278884961845,1.2189831526931156,-0.231500812302051,-3.7995003635614637,-0.3851830560621174,20.949954918303533,-2.1922126075856276,-35.517073394157734,-0.4743147076481775,-20.44149481242789,-0.7766585342535741,3.1882603183354448,-0.02416663389270468,-0.4793761285597353,0.03834889660060359,-120.26050486349585,120.2605048634977,-264.4125763299843,264.7209623069647,-173.5238628170628,23.08910867363496,89.79282135032506,-4.2895937929896615,-66.5414668144746,-10.352915504884434,-28.10690400188319,9.276394131245244,-12.863397848527507,0,0,0
1999,-0.17468985708447404,-1.6814784672619538,-0.5976656844024244,13.448526316073938,-7.570705008424767,0.4263346915830004,2.0015016896977453,-1.3068736028664913,-3.2575357575056607,-16.530916270498288,-0.1514281686594034,0,-1.1677470149172962,0.21674649723598327,1.4188854884432676,-0.2606744529907184,-0.20584364334350802,1.223653083927303,0.4462100703686893,102.80850760561896,-0.73288203981744,-1.246010319633917,-0.027030715792701665,-0.4602521849146166,-0.24923558880581753,1.8316107929797063,-2.5045881693705745,-0.6960518209610811,0.03739763736332957,-2.9323212199328736,-0.5845512783483242,-1.0651132941668076,-0.5428419690104691,-4.260791511929867,-26.400081791099737,-0.4192605750292402,-46.37642876736206,-0.716222138459552,-1.7817690019231947,-0.7725546309566762,0,-0.5248124920776149,-16.972519755531714,-2.478260437414221,14.312569414739471,8.76066385980991,-2.9085273471516953,12.981326161690319,-2.3007525553539008,-24.542271066739232,0.1465635822849083,-54.57910195069411,-0.6900918135603034,4.773692853637751,-0.4241387926574398,2.3951680788513094,-0.2886322720635859,-0.10361328562997091,-1.2394982614776473,-1.784371112863273,-0.06276511169169696,-0.18647052101565187,-0.3077633735919944,3.0801030246559513,-0.3807645490323748,-0.39220039982070465,-2.059954109044625,0.2389073711530285,-1.5888521289823618,-0.7664262591812304,0,-0.8356336878578,-5.628587217940101,-0.9674753488111296,-0.2227497793670543,1.947872275553241,0.6899410320322197,0.1761161680765886,-1.9001675477685112,-0.023829793162969626,-0.2886076569973337,-1.0728898446975101,-4.0387715320051,-0.11847715474415388,6.214687531977603,-1.9743696280036787,3.6981593683474,-0.11991643669804997,-8.285010648086555,2.7146618791055133,127.72144162731263,0,9.181590728113477,-0.1574906478955349,-14.303633063860927,-0.6213650371980783,-0.6370879689858704,25.213130220376073,-3.2397343356732193,-1.3989109356345284,-6.732223745964797,-15.653644101805508,-6.436789703588026,5.652654454373057,-0.0298159265833709,2.1648737287949213,-0.21981783217060524,-4.505270277064234,-0.401030777518558,14.532803493767524,1.6783665638058096,-32.200583450909875,-0.5319825187074203,-49.75759181082367,-0.8250113488763156,12.937075999496606,1.106733150523036,-0.41760656367280874,0.3843084249844475,-142.28406885564016,142.28406885563982,-301.7703411367721,301.892517304194,-179.45044516703538,22.457653348976198,32.71376823737734,-5.113919348590205,-56.24381990581162,38.52440956896882,-51.94201286765253,12.220553001663792,7.387767685083606,0,0,0
2000,-0.20523536233763273,-0.6365001841300639,-0.16948013095897418,16.61848766943217,-7.624196565314595,0.9180635303997144,1.526815568191917,-1.6573192257382194,-3.224330202779363,-17.859265925902207,-0.2614780063687744,-1.3212332935456776,-2.8065302033409125,0.43622888563032924,0.3680164867206077,-0.1130778323930956,-0.20087214661135144,1.7562792538773522,-0.2359594127025666,114.28958167289511,-0.5734760937547438,-0.9666383689124476,0.28706402916094564,-0.3848470184914774,-0.5788327306429444,2.4626722520607736,-2.551404629855588,-1.0369274892444267,0.008670450186453849,-0.5032197409073262,-0.6257884023325757,-0.8528169494271269,-0.4119643802366204,-5.01364200309864,-29.922490226780823,-0.2743990423239806,-46.151586135604276,-0.611441668608498,-1.9636310656928622,-0.7054575962123573,0,-0.6856008524120876,-19.26846262816314,-3.1601097193921355,24.173179936018926,9.620262665641754,-2.608232337549918,12.70775604607546,-1.7997731717180336,-29.56128061421572,0.7072173605868648,-67.39662158053841,-0.5202523005642794,8.458283822568834,0.09575491435331873,5.695916046643161,-0.08914580749685652,-0.2206822347055195,-1.439385375373087,-1.8697555084591566,0.33535205778956323,-0.11019023090668933,-0.262857670995904,3.747617361545032,-0.47862482579656307,-0.44037096247487895,-6.986437262211851,0.2279808426529848,-1.855873823303046,-0.8117672532438109,-0.9561387546768589,-0.22161299537023071,-6.237071940326317,-0.45888637763147067,-0.23010854875075193,9.299075229010365,2.195667486105849,0.21407083621059986,-1.9230948146733873,0.08505557410514708,-0.34903298906737357,-1.0923707054556306,-4.808759178030257,-0.03299335560848338,6.490703379624307,-3.6629330465653567,4.552081944238408,-0.24136243659360168,-11.73767118884281,2.9274148637997044,127.50411709447917,0,22.20123579994317,-0.18613417350905292,-19.05937789402338,-1.0907156201722206,-0.8582145128473364,27.43622692136519,-4.137000178403483,-1.2860349553938408,-7.528230777152519,-18.222716380461602,-8.404880779139205,4.962050722093551,-0.048679419614206465,2.7297694712999174,-0.6354473324419656,-8.092375503548588,-0.2578630436466281,17.45458151665563,5.962655136362351,-33.15387600297066,-0.6071369429247271,-74.15464813776953,-0.8219072795992843,14.903038947462978,1.2904399917698086,-0.609746338007366,0.5349775423090541,-189.93349658665593,189.93349658665585,-363.16262516780654,363.345855185011,-196.10398467004012,37.19542256291899,37.677364268054035,-5.318879196861262,-70.08600316233631,56.80664234611538,-80.6698216694355,16.08309283874686,8.321181743859134,0,0,0
2001,-0.2234816839804339,0.044353946857896176,-0.1890860759093539,16.88485330004515,-7.241520896624422,0.6401612042640483,0.7848717505615395,-2.462140319258026,-2.208339319182473,-17.213953531688553,-0.29836451682948856,-1.1078028394799195,0.8787399184439408,0.4017386019055992,0.882269607321037,-0.14819265394929243,-0.30811559464795524,5.241907152037385,-0.26507083668491127,100.44582756171678,-0.7403634635140524,-1.1227683281577112,0.3310121769760477,-0.7502440263615977,-0.5558373716996736,2.359864601133687,-2.182537496474243,-0.9023665113455799,-0.6274714069205167,-0.20994713216859395,-0.7469302014374521,-0.6130683739448477,-0.4346371232704913,-4.509778411245243,-27.95659267685427,-0.4072152792656272,-40.4512556378551,-0.5711358742719699,-1.5571131221432317,-0.8042744510623221,0,-0.6968921383699778,-21.69326073337821,-3.2963183275380494,21.513867931834852,11.857471933021955,-2.185376787619969,11.93248487306954,-1.9812624942935635,-25.801317269289882,0.17480438660454523,-59.906328929510664,-1.0973353093329727,5.325743780926771,-0.33178555757044714,4.650482217685443,-0.05284296217128781,-0.17109922628948349,-1.2565768481660804,-1.520287513361113,0.3084425058825011,-0.16074229342367474,-0.2659618621877814,4.924965976098036,-0.5261621204730946,-0.3534150458616915,-6.509091129860053,0.25899976676695635,-1.444941250541243,-0.6943756573867637,-1.0594246689048177,-0.21327542147628353,-3.9555420031296293,-0.11195677220974609,-0.2363295631646527,6.2275777085558275,2.476036023542342,0.3142462701822142,-1.1647893483427936,0.3499455319247182,-0.3342990499670402,-1.033838220316155,-4.621977359965776,0.005928780790918076,6.81621940511225,-3.4508361957397717,5.401565557768579,-0.3687254727160426,-6.710630068384717,2.857494163505578,104.878780818954,0,19.15982758674714,-0.1877137799476607,-15.151454600936894,-0.9391200819198371,-0.5147497585430649,30.304964574651763,-4.583870237015134,-1.353626913866766,-6.169138631016615,-14.945001225200722,0.47562446960658633,6.9090501995213955,-0.14424487338933772,2.550191955818492,-0.059947443044189974,1.7955106197707877,-0.3735573986652197,11.466445132877041,-1.7579381983851405,-32.612822098138025,-0.5700405587315743,-76.8395734601686,-0.6765788536042441,11.86451099535352,1.5104828357203406,-0.5882391634862959,0.37400645333032445,-186.5622485928518,186.5622485928515,-316.62099284556876,316.79067383707263,-176.6197291338864,34.951291807604015,46.928087365920625,-5.240911848351138,-73.97092158088088,50.948971983546315,-79.28953557116355,16.653699219940535,9.042302389602618,0,0,0
2002,-0.3323308349818075,8.690214115001037,-0.1831565543055288,12.372826475099586,-6.929263167384008,-0.0554170252348829,0.9516559195934344,-1.4234278072702224,-2.8565660949805576,-19.87090510593314,-0.33506573076769375,0.20399075889627294,3.7091541490597137,0.3520647870357927,0.7989073795573134,-0.17811149575523705,-0.10378794341104669,0.7639307189375586,-0.846965071066645,134.44921633023046,-1.824842153550442,-2.144293687268655,0.5770786614698173,-0.8460458275827456,-1.007724279609233,0.592873921704502,-2.5375971040003513,-0.4198037337488243,-1.1937557565994465,-0.08169208260462568,-0.7352586884521635,-1.0323339722032214,-0.3869600137746083,-3.6785711023053445,-29.66537547907261,-0.4019750115055475,-36.86345899478491,-0.5279887018101959,-2.267080287162141,-1.104193315150618,0,-0.8533671527523594,-17.195425757844,-4.6294205207452706,24.378523896185982,7.5485546821079055,-2.8902058048785335,15.08146627304015,-1.9845041448981,-28.52058859286541,0.5053929740699417,-55.06110885247119,-1.3594352141315458,7.734382115224811,0.15305900095067582,3.9828466050867988,0.062043931087703896,-0.19104343351164893,-1.0707038083333273,-2.3248411342868045,0.32527740277854766,-0.1228884692940801,-0.34104176192046,1.709170256799979,-0.3453022688019046,-0.40539192913117317,-7.932606869602921,0.2375917517885755,-2.3477042923360294,-0.7847454284636992,0.07358667784808226,-0.3279752011738636,-6.529651016688938,-0.5362084647835754,-0.26770051516110516,6.579722261795599,0.809350102290793,0.5838756066129429,-1.8543160620013737,0.044422872894334775,-0.1675452367098469,-1.5394850268642344,-3.9149647501055576,-0.14729783565568821,6.825716270497026,-3.2460657458577487,4.407222900472623,-0.3673930975677452,-13.626397188460501,2.9430799278025965,99.9645736124586,0,22.007684757276735,-0.4770052917144296,-15.826735376135693,-1.0993205656520963,-0.529097601097873,30.40609249406502,-6.394672994698226,-1.661132983337195,-6.61822448768581,-13.47526642755093,-2.4936166201553505,9.66664266752153,-0.15188269460458204,2.394777181708351,-0.19322719708779257,-2.2438260014527884,-0.2744032458171708,10.058194705545347,-3.861896178964635,-35.806509173268694,-0.5815483108579674,-98.6699344284475,-0.4318384167709248,20.690653792414288,1.6168614866590332,-0.59009596074018,-0.15924093190085564,-235.6699945232068,235.66999452320417,-371.79518427371045,371.82745865384646,-193.21710413255838,37.82109578412096,80.98539089154434,-5.533405424406591,-97.81870216384789,52.101055009605915,-106.1227825263234,11.75342222780257,26.829340985756502,0,0,0
2003,-0.33542213061329296,5.628836473603666,-0.2683695910585977,9.864952630340227,-5.973712630499399,-0.8686633091754281,1.2186414114099446,-3.5195905108542824,-2.2367206208640606,-18.52113608118779,-0.4000657540107837,-2.893056638124154,3.7492138156796955,-0.026056141757789142,1.074779609263837,-0.23954453344047,-0.656762641200581,10.649629335568022,0.08774284438529989,216.3142101163976,-0.8024321284911693,-1.251367063576101,-0.4718612030694269,-0.985073669228159,-0.6495398875001643,1.514241841321894,-1.9365304465083497,0.3001691368000987,-0.9016145361079166,2.151645419712189,-0.7088779970522687,-0.975614347289115,-0.5297425048467961,-4.279816588142857,-29.02171100029034,-0.47991186537300434,-45.22949364329378,-0.8513108408007533,2.8033544521312805,-0.7873381956471435,0,-0.5752700006576112,-15.245717749899221,-5.404859308911757,21.083246058077634,5.975079641975725,-4.790985053155472,2.448501000909488,-3.9280699062206246,-25.408496807323957,0.23982076012060016,-59.57607540777042,-1.317148609630208,10.09165293094005,-0.7883785123197664,1.8976334757737856,-0.20643625810377153,-0.17171726750909377,-1.8016923872091097,-2.2958224828853937,-0.1173886185502302,-0.3466725756055353,-0.2931709487240694,5.664975662472422,-0.6377573180052422,-0.4230813144283182,-9.915706838334032,-0.07757488930318779,-1.31953895915232,-0.6812521180677243,-0.707226242954512,-0.6247419802905524,-4.66033860234397,-0.41871990349324584,-0.3523936942007597,4.722160506348256,-0.2692292701607517,0.9830743256732957,-1.1707993176850877,1.6112204094062412,-0.2258460327156433,-0.8733356812025743,-5.615972390567141,0.4510774345926962,10.273895648389441,-3.8954072746583144,4.267667112173398,-0.45432930347402434,-14.05241522767139,2.8160399897583446,93.75698018475941,0,6.564331230757972,-0.2428411574557845,-20.47049397872189,-0.6091285778556532,-0.5960245051825463,33.85000876287003,-7.022467483387047,-1.5141620606392512,-7.862509118817343,-16.96029010127595,-1.7247528263553988,6.980145317145151,-0.23588628874176482,3.7309357695200895,0.12225171179252747,-3.5593330595278587,-0.37752461110557256,18.471944551992287,-7.564444709101675,-39.23162038817,-0.7022751652824732,-108.23122256324086,-0.5226481657472599,14.228123560675506,-1.9416476650180883,-0.5374403796369358,0.11847902747660033,-245.02839162847556,245.0283916284765,-387.2544860011269,387.4333296122964,-193.4248146795312,30.159565093307478,141.48643795956093,-2.9502040921596002,-100.43012046884186,11.44191631019376,-109.76478929824738,9.314225825490158,20.747665502938418,0,0,0
2004,-0.317613063777175,6.363858969936679,-0.22816033211224662,9.201655861040905,-6.7147363570766565,-1.1349675939936237,1.5447821071245986,-3.3557533508746946,-1.933995763811165,-24.508958328919157,-0.317196724986328,-1.6347676435482803,4.695319104269913,0.1447781549684206,1.011783536396031,-0.2998697121361045,-0.7135857952977223,4.641647279894954,0.5192267370768313,299.1017242531284,-1.0880658405550445,-1.351989389947028,-0.06122912797150715,-1.0047036966422462,-0.36119759231166704,2.324144393526442,-3.9962670553664523,0.1114665268782078,-0.7865215796893841,5.038294251918657,-0.7139649392983163,-0.33467746382553987,-0.4580448329030926,-6.342058827128856,-36.58312924462254,-0.5949609878262125,-52.19840147282858,-1.26749554206055,3.4574431447935368,-0.7513861859909348,0,-0.4159459838120845,-13.84110973612406,-4.928842918331334,19.564868338176723,7.093473971657858,-5.768146236675683,4.537328045438898,-4.1257114642800055,-31.72608396141115,0.27520924329029883,-63.801515936582916,-1.64385801066941,11.284822675568172,-0.8870670213002398,2.3290520561096173,-0.2751538369949007,-0.162088222010645,-1.7600814815173882,-2.076637086384327,-0.41131867450837767,-0.19107400366857719,-0.2729555822180327,5.299023085445285,-0.2043242111440271,-0.4650788943645998,-7.920897843442603,0.036424906857385864,-1.2939020001698793,-0.6441381384094552,-1.0015479317795188,-0.4583316267073976,-4.8408242029553605,-1.0998619184812704,-0.3306806048195472,3.526595989009209,0.05462407373589606,1.032597623087014,-1.9197845984222681,1.3651913359200163,-0.32613490060882433,-0.35765382532768974,-4.851790247692556,0.5403515296107755,10.153099802139593,-4.282521137455799,4.742751102270631,-0.3741697769425205,-14.48817021554055,1.8272947273950741,91.46046176338672,0,12.024844937752547,-0.23138349076127618,-22.88291044936368,-0.4849986280684355,-0.48534876355421375,34.41740962738963,-11.126257005904264,-1.5043407900188388,-8.709853557356727,-17.006815460492458,-7.997681945373955,5.051334144583414,-0.25756711097840496,4.597801940398911,0.18169061858191604,-7.8756146061092664,-0.38135053006864594,23.111635040836475,-10.774083117690644,-46.18815326714693,-0.7111214832973958,-139.23000722956863,-0.5489419963775883,10.47417910102719,-1.7966803804850464,-0.4802073493122687,-0.06467990866804385,-328.58476595126314,328.5847659512632,-474.8273304854255,475.0456861470291,-236.26375556688504,35.25536720534441,211.79534761566984,-0.7241411393011097,-141.2604435748946,10.162242432335503,-142.8822670168741,8.226561929720615,19.427332547999264,0,0,0
2005,-0.44565657270760495,5.287390636413448,-0.3250897320796615,10.519539743257567,-7.039379546810977,-0.17805080197153877,1.4691853232143628,-3.3773514733210703,-0.4133450119682429,-24.697488813496577,-0.7023564738142251,-1.3093479026948966,1.8691197017919166,0.14471462291884363,0.6814877824292953,-0.11428338027035229,-0.9715342147158477,-0.5525642677862663,-0.21165371232113728,378.50625413598345,-1.5828218386843638,-1.6820450746740565,-0.2793414344272742,-1.3636614701068908,-0.4680939345629822,3.450892208627973,-4.353425243347447,-0.5344508481783725,-0.8801423572841287,3.2583405383661557,-0.6899304281101324,-0.647391794516853,-0.756093662014488,-7.375652024699399,-34.995265250253595,-0.6766071066852266,-53.45008171055298,-1.487972588615922,4.083020175551649,-0.9359701349806833,0,-0.5495018098947941,-16.783516437689784,-5.0201770765131,23.83754136831311,6.253646766271871,-6.317087327245355,7.694578266891469,-4.518622446367731,-32.089139698290694,0.0698529339770988,-67.53611127265606,-1.8675471955344287,10.319969380171166,-1.0807671127203982,3.130557435490992,-0.793198488559387,-0.16930818330483116,-1.4078987922723774,-2.053498046265735,-0.7822437624364751,-0.41794346856231646,-0.3136237904554351,5.721983481228115,-0.502678239976381,-0.3480428680915483,-13.29241784676411,-0.07344316875671897,-1.6385988368649826,-0.840385723504907,-0.890181576333866,-0.4306962152868198,-6.789371267540808,-1.3571949525181957,-0.39922825985656263,3.383667735809471,-0.6332746820189712,1.1220996477958822,-4.011480957944784,2.1442379723402647,-0.38660707465690924,-0.1643271305620182,-5.7631464040320886,0.520504538088721,9.547995708993426,-4.853745806106261,5.054639886479032,-0.50493181291553,-26.57830016209914,0.21240795677653068,88.4526548057791,0,11.225403968231504,-0.30585180429427217,-30.59286627927719,-0.7081283183208793,-0.618099298536352,30.728150047586794,-14.021658231080607,-1.9408966669865433,-9.032943674013838,-17.36956463964252,-6.980029369342304,2.518591143980615,-0.4682151267478024,5.1233219322937265,0.44761626598926707,-9.915828913977435,-0.4095066118690326,16.886620385459892,-15.245022906537258,-44.47884916278775,-0.7684338077934585,-144.8131118384931,-0.6781562340464449,11.881053840188478,-1.9043250373923293,-0.49733077116502133,0.12118584595241222,-360.90181071848156,360.90181071848167,-516.447324904764,516.8267464218111,-245.09015465735547,29.55508521396379,260.7986915997557,-2.950086392604077,-157.95391369957514,5.011113892669414,-159.00170546026732,9.076057207272168,15.475958608780482,0,0,0
2006,-0.45323446418226987,4.553634472772828,-0.3279697677846176,7.3993329341573855,-8.295910924678601,-0.38411726837508553,1.7591865619123133,-3.221090251593351,-1.6782663142087628,-28.339860152620957,-0.8150636985696826,-1.1518119063388426,-1.0815679989347728,0.013911825983626613,-0.027629916025125212,-0.11208026386477493,-1.1076062839362302,0.5349129407137241,-0.5358459017390693,472.98835487218025,-2.441697156923208,-1.1674195405569332,-0.479942130733056,-2.2083903977002297,-0.35137281751864924,1.042878102424126,-4.0340871583363835,-0.4088788108064252,-1.367395876619728,4.267026073542169,-0.6833953187533646,-1.0673634070887363,-0.8812084410117609,-7.794532595597385,-35.514400245881305,-0.7476925430620007,-58.68860560636986,-1.2755459194519556,2.428790174970075,-1.1194525220107745,0,-0.5716009105833524,-18.371172473054408,-6.66549696942414,19.023899728735103,3.8275006420921898,-6.403369533341435,9.697499737887483,-4.3121491299908286,-40.159463892577634,-0.04446904749955127,-66.76295003448917,-1.6103142905918801,8.033199822920054,-1.2965353822004757,2.709488468478554,-1.6209847070800742,-0.3098295009536744,-1.8934412458281313,-2.7779490085272895,-1.6766525597945252,-0.30603659370765257,-0.3024109878514448,3.6095962491689306,-0.6911446258415215,-0.37401300346446087,-14.558822888301506,-0.17905896515187036,-1.883339734608903,-1.1595795514080627,-0.9425927174732024,-0.4887366973401627,-14.002741775221757,-0.8075583018782115,-0.41765827181682114,7.794474037836174,-1.411535697150704,1.0423193852369135,-3.7403237929443947,2.324509168786719,-0.47081826430092777,-0.4833983870380454,-5.693878098145664,0.7155629756578143,8.419271691685182,-4.706659025090005,7.2953550494419375,-0.5106858201519646,-34.20939959594355,-2.7644558485476693,99.59134439383172,0,9.286245126484232,-0.40692447281342425,-37.493242619415206,-1.6890072080113239,-1.0330191793523884,32.08091499783045,-20.17805903987545,-1.8199803624970112,-9.73152132986932,-17.228060139405954,-5.437364745781053,5.021373787838854,-0.5629620940604112,11.601739984476485,0.26703209820117113,-9.88015592758002,-0.5180966895640267,19.135586567659516,-14.883357586602258,-50.087414583868394,-0.980969220582167,-173.82946190992493,-0.6279264884076985,13.953941279229106,-3.133458153358866,-0.7432964691051054,-0.0459952696487691,-431.6539727078966,431.6539727078972,-603.7789188694533,604.2054106963151,-298.8916090779088,30.659868279521994,329.8750359977486,3.004199390686943,-197.01154017635187,3.6447682087901363,-188.33435330443797,6.304552081652933,11.867820384712926,0,0,0
2007,-0.4465498733314952,2.6881814388107514,-0.7001863047980199,5.349091971394131,-7.701844602357035,-0.42774982155982144,2.7053893593252694,-3.97892585344988,-2.800906979562164,-30.410935523489094,-0.67033046161426,-1.7359897819707546,-4.384632693361425,0.3613798522502938,0.6244958846553192,-0.1620355116225199,-1.1505218274069735,-2.890839981892583,0.20334569422409743,500.86790903908104,-3.192872768838093,-1.2759344339459666,-0.3926783846301143,-1.7147001947968494,-0.6159974969073789,-0.12298131383266764,-4.403055352426579,-0.7299080394455926,-1.4797428825148682,3.7958532091523267,-0.6674807908482405,-0.45721325361715603,-0.8206594522505761,-8.232379631517492,-44.59062264074508,-0.847565057305516,-52.07388940397894,-1.4736927474244261,3.6213834505530826,-1.1022055722380424,0,-0.5016856523650937,-12.81744259050621,-6.548461417385052,19.31614201631345,3.29272257349686,-6.156784655232997,5.88394688126948,-4.4671308704929515,-40.35289275660472,-0.17729582532682642,-60.444207124173374,-1.3572676175902734,7.680637616818835,-1.4014883945851153,1.2694110152710145,-0.3690457030225385,-0.3802938818518136,-2.1697593405420883,-2.6852462980159517,0.13747362186084144,-0.3721303692836128,-0.29152132649052276,5.408354684733261,-0.20831490995278412,-0.3144156744266864,-6.840228062445604,-0.0309477972793899,-1.7257148118128889,-1.4323726374241974,-1.1630524934224202,-0.5792774267863727,-2.9289364211834368,-1.3024847888913076,-0.44083751263332904,2.078022420446789,-2.282469312751614,1.2062069044977228,-2.850664782331826,1.6253877767174116,-0.5375482258913495,-0.03966260402644117,-5.919593417432061,0.472133095257496,5.1731339459773835,-3.9198979066804966,6.302734889472626,-0.21689153824726404,-33.66160260881702,-1.1698504082714258,78.24357626531827,0,5.704141464733752,-0.42588753492679543,-23.00957596160457,-2.3348722197519383,-1.1106217496240243,36.39815286892227,-21.530588094697933,-1.7022501442040538,-10.620270594140674,-19.577317445485797,-5.369079805648013,5.049135216845812,-0.9394470512817673,10.018947282797955,0.5892231305791888,-13.289539117250968,-0.469547720880777,15.217773347276534,-21.449643373160562,-55.863785534925285,-0.9561194654258389,-162.86452172989652,-0.7671353237017731,9.519846613916492,-4.919486226317904,-0.9126515363745773,-0.2898843287603543,-448.4070093797346,448.4070093797326,-592.4959454302789,592.8084536001389,-298.36741481763045,27.27974919292339,385.2403417971497,3.2301713943172636,-230.63107719544536,-19.210782592597106,-172.94973680879536,4.752552646453007,2.2887815659924082,0,0,0
2008,-0.46249767318077484,2.585058596759879,-0.3772908962779351,9.011159884506341,-7.299243289682384,-0.10799886228167388,2.8952955713007817,-3.38550657274145,-3.8840144386585393,-25.381810801137682,-0.8423016137350916,-2.254451219343244,-10.17472517373588,0.5051691686131081,0.021077004740025274,-0.18490637847188895,-1.2108362369662315,-2.5210518635965116,-1.6151663142074106,472.15240314070456,-3.0035831712564978,-1.336368733329531,-0.592002817724457,-1.9052940841473314,-0.9451310982803829,-2.5944467386194567,-4.409078159602807,-1.0951313157970919,-1.4258167198880543,2.8512128745763192,-0.7517200194297575,0.031400609819177916,-1.0028996010943616,-7.880303796122879,-42.24214203219317,-1.015947925737192,-47.10259423166616,-1.6355996006111848,2.356209554608231,-1.2425258013908054,0,-0.5233660480315168,-15.766199030775471,-6.840307665992478,28.48994740869159,2.1759639325812685,-4.3811263286558475,8.562560893175657,-4.2750051488933,-42.187934786431384,-0.0787164406097558,-69.29350282146203,-2.01292852349326,10.630966828078172,-1.495148902614721,1.9793174332585899,-0.1837895316309779,-0.45155138395301253,-2.2154482151904418,-2.6196391179123077,-3.6856268462368464,-0.5798433653667832,-0.398886480986423,5.673584676212357,-0.7777045930104891,-0.4003768595238819,-7.276265845624948,-0.2849994450238764,-2.3533277918050057,-1.7096256418202915,-1.2593391157767029,-0.5911736269825622,-2.8441730180086893,-1.2060718420672103,-0.3617440923220865,2.2609194529136154,-1.7740429877418382,0.40293413918853993,-3.149532929588233,0.3117874885224736,-0.8656963238093491,-2.0379736792487027,-6.272074302339757,0.42060902256038846,2.666146188131961,-4.082981029023173,5.154463419532339,-0.4311798988525346,-32.30664880575125,-3.144570633461125,83.24431584479026,0,7.203051257123391,-0.5273021278411418,-22.154495417095696,-3.1011654498368664,-1.0730624641084292,44.85635414801604,-20.89515503910296,-2.3080015396380174,-10.043251084184831,-19.831339789332915,-4.513518757398671,1.7454607431063351,-0.6767654954327627,9.448999041816064,0.26427189792912475,-12.733732982477761,-0.576591942509533,11.860433184142991,-27.236894870852908,-47.602380254407535,-1.3116020696204593,-130.2112849074556,-0.7597336332360274,9.928328787319082,-5.2745465662820905,-1.325996808719626,-0.4341855235122578,-409.30034243889327,409.30034243889196,-552.6259800865587,552.748035518809,-290.1797373997162,26.638274229463047,353.25269459085627,1.1607832165060588,-222.73890838886717,-17.28306338799716,-140.382163444617,6.530443818559906,-7.168094435779626,0,0,0
2009,-0.5022584246314352,3.1628662551960645,-0.47406812945522225,4.177531514335044,-6.832719061538004,-0.13377449301564326,2.0445383595976603,-3.578292558767412,1.4250036007707347,-20.26843391702051,-0.6770244858610128,-0.526538954960101,-6.324878837808313,0.6231550318347636,0.3528423347688854,-0.2660541732736068,-1.0228674010996268,-5.273007818901334,0.37679860856355063,369.1992373151222,-1.629799724755518,-0.824384077488796,-0.6121461848675656,-1.2968292432840878,-1.2594661395348936,-0.7134722029593945,-3.781055973376592,-0.621277948318971,-1.2386560355295941,1.2043432555658384,-0.47552578642953547,-0.12868531829897378,-1.3229202599721057,-4.956719993686667,-38.33669520145423,-0.45449208928277485,-42.01807978234223,-1.4197881858975254,-2.2400591522034006,-0.9104815750997513,0,-0.4802127397377616,-13.013799431462331,-4.624530009329623,21.068138348586558,1.0572952814222845,-2.600423853026795,10.71796450729613,-3.466412696558649,-35.81888455800993,0.04943646408204261,-56.119368678125966,-2.439558218791057,12.900308859904783,-1.8033279797692972,3.74494749451188,-1.819768005443968,-0.49556821818589,-1.526135248708877,-2.172053698754217,-4.037586264427519,-0.5346065912000028,-0.4939143334404943,7.428729156180552,-0.7522353808276573,-0.36361511973144456,-6.441710916070903,-0.22921642494475147,-1.7938069611795928,-1.982093841540122,-0.3873364391401558,-0.9323450394327835,-2.7028691801199827,-0.5515130316992831,-0.3257778496592234,-1.4801144942510724,-1.7204602866146086,-0.17680891870468152,-2.4520347438797643,-2.1343071686184727,-0.6261338011992967,-0.24225274002834674,-5.181315897746632,0.19110010521782073,3.4038334708949094,-2.897611766615647,3.810362012285168,-0.4553624416198936,-13.647085200963033,-1.2202088685381618,73.26410243253667,0,6.181690685179504,-0.35180412716146225,-17.579054896430364,-2.6001963835967477,-0.9546980687968558,40.76281982741318,-15.837900993688137,-1.900263860841564,-7.484220011817534,-18.066523031774494,-1.0902315379694727,6.918844961888624,-0.4665913004077087,5.53353888858712,0.35017272375533803,-6.395480474554859,-0.6744375462116464,10.075298924768347,-10.014628441734537,-46.369350238403655,-1.3516417263125788,-102.99578971755273,-0.582744233710693,0.9085696455725696,-4.6502319785648325,-0.9992938308887729,-0.4766365127163601,-344.74352400875364,344.74352400875836,-451.9233801897347,451.79443132113084,-249.6744447046965,15.134254968930362,293.93167528665526,-3.5907171082094873,-185.6075161847485,-0.8683412616315422,-114.86936987206825,2.0310942032310826,-6.144580646591211,0,0,0
2010,-0.3968856723592833,1.5980263540493098,-0.4100467656934117,4.347145493552688,-6.9534522570223345,-0.11153751707916726,2.165563080360922,-4.613606831026633,0.0966959675387642,-22.49735195933172,-0.6219519907800337,-0.3839486310100879,-13.472622958964706,0.671005916041572,1.476556794985676,-0.25298193915185974,-1.4211911372885506,-11.79322183287644,-0.6453530000641372,411.0210172482789,-2.486714922629897,-1.1662029420974855,-0.5479533857710959,-1.1086757276993255,-1.3917488395707807,-1.7173047325773325,-3.848399811045496,-0.8875605278651335,-1.8026180919080321,-0.5767617902076196,-0.5605297783875229,0.226692930513253,-0.9531456346231131,-5.74483751761635,-36.568767026536406,-0.6234021965509178,-43.54422630139135,-1.294893878996009,-0.4019980411542079,-1.114909235492891,0,-0.5224964159057448,-15.26932811472975,-5.022487725194521,21.682772837680545,-2.478718458864634,-1.8561394444659367,8.18198576987379,-4.11298255345239,-40.955897085176005,-0.09575574190466929,-60.25843957159191,-1.9478657400471926,22.96013426964977,-1.6686485630916335,3.7484116126851497,-1.648366278217856,-0.54464835005957,-1.2495724796190748,-2.0111556671043296,-3.6250987141335864,-0.40199788556427474,-0.49791796872176874,6.897899458736305,-0.6665818225336076,-0.2953062616622726,-10.147267054064727,0.23949498392023827,-1.5467723784113296,-1.7494715156403164,-0.33178160116573596,-1.309668220506121,-0.887499430229127,-0.6953331411674668,-0.40453774933295716,2.918689761623824,-1.6127631201945025,1.6993329387757203,-2.28336955999675,-4.113247072665162,-0.9295668437243136,-1.1060232478506649,-6.06082099967707,0.3492871826516817,3.3008835481799963,-3.5520189954222143,4.8918494445182645,-0.4740745907792159,-17.81384956861683,-2.1625844598346085,77.4599488494352,0,7.7440496007636455,-0.07743203710868052,-19.371226648608094,-3.020729825692655,-1.248067218246887,37.266170503201195,-17.50905545569917,-2.1418262795016103,-9.059503970152436,-17.49596534245457,-4.722920884322775,4.149269713983159,-0.6038395843369224,7.182625542461694,0.5591005169439276,-14.067255844166041,-0.6561113654245474,11.603299124437882,-11.47908923506737,-48.760442188315324,-1.3430897693680313,-105.29252381006063,-1.0778701499063401,6.0875391010223865,-4.842449755254201,-0.8703492725829983,-0.2516824066255694,-362.0253629101687,362.0253629101692,-492.8335105658669,492.8198873651347,-260.3594634220858,20.958679287048508,321.3207759846903,-4.8353895265127695,-189.9185715063388,-9.050732509262481,-127.48371950263295,2.607544929324641,-13.583771722576817,0,0,0
2011,-0.2821384609737181,0.8093719824389325,-0.28658565364096344,1.9389585107214202,-8.335203176229744,-0.13262589502751254,2.8578657181625386,-5.214702811448458,2.5393481347968834,-28.1293805041897,-1.049867761786872,-0.34503401152480073,-14.927615208046163,0.784164532023008,2.1556305046672097,-0.16485434820139233,-1.6859030810059934,-0.6378744039380138,-1.0881256361684706,425.457983917634,-3.0138916674142315,-1.4877241944588713,-0.4484413323862517,-1.8149096876096946,-1.050097459860405,-2.37367304087676,-4.6547419101799345,-0.8099509046473239,-2.0038188006365356,0.3142663560764305,-0.6643134511209323,-0.17886626020755703,-0.8218436974011771,-5.9303379030926795,-48.93652220826782,-0.5856902957428882,-48.504543497182596,-1.7952807574295329,1.825622773828215,-1.3717851528050393,0,-0.36003113453775715,-10.4637838807147,-5.373455191814374,31.006438219060044,1.8163186417828285,-2.3973200349056505,9.657178456933536,-4.385060357467474,-44.000029478570966,-0.2359056969066451,-68.88503488785864,-2.077915885499512,23.364220898304048,-1.8324441571786463,4.479198138518097,-1.6026067394408838,-0.7653866025166219,-1.4540966001358844,-2.9281115064190226,0.21126573405008742,-0.3559451159656035,-0.40350995406652385,5.28639037062576,-0.8105962525369561,-0.42097285962615993,-7.55218337251101,-0.22661819181787024,-1.796340964906351,-2.02978599127067,-0.35930506300745735,-1.3735206549903172,-0.2770858887628833,-1.214118040141587,-0.4041017912654501,3.948656704865865,-1.8365203475224252,2.898835477392524,-2.3624942781924503,-1.6231166657372,-0.8701601226185964,-1.7604897792969822,-6.577926601945251,0.2879542758325053,2.3271489280727877,-3.1244687820154926,7.732871227681647,-0.6799008728842668,-17.036301088244898,-1.5651381826318271,79.39274210263369,0,8.613368192982122,-0.10528584597226809,-20.272805075827875,-3.4262468202898457,-1.7390080384513755,38.619311515528196,-15.215585934795769,-2.9624983928400397,-9.231342230228755,-21.892803881380132,-2.6957580288822527,1.512836160136743,-0.5938602087233699,7.558177979821227,0.36816426630151255,-12.858764149045726,-0.6365964475981936,10.44739605276223,-15.256706458281243,-45.88391022129436,-1.6628038561344392,-121.44253642610897,-1.103302647397466,4.988132552173504,-3.394350105521454,-1.2164043236595554,-0.352589514626485,-403.05305525300037,403.0530552530028,-530.2380477650711,530.2070025397071,-280.8150028699318,21.129989371877482,341.26417250792656,-1.7918584637215869,-208.03037247813685,-2.7185747879695654,-130.01872856877435,-0.9844917912845048,-18.85013578991494,0,0,0
2012,-0.31336722891829094,-0.09592432834232056,-0.24245978310845429,-2.4818570340210613,-7.551664594698291,-0.4051945657197713,2.9828069237195622,-4.88854478443529,-1.3653337889997204,-23.34108467249492,-0.7096974819980604,-0.45013961083789966,-13.290787425030402,0.5859564492577598,1.2481464820072823,-0.10585542092778599,-1.5634248391343928,-10.411664598902519,-2.4534783953520325,405.2781817488244,-3.3638578556160397,-1.5724767172848746,-0.447673222966833,-0.9634997591954066,-0.6478576519822055,-1.2959321413959053,-4.302413662994235,-0.9744103279693066,-2.1967028386021834,-2.7176091363579715,-0.5909555535776336,-0.15741837624304722,-1.5218123289894856,-6.469169731978319,-33.007188392878604,-0.787026923763618,-32.366535887917934,-1.9683087938615969,2.6479710271925647,-1.5221688919972558,0,-0.7338113987372834,-19.65737199122986,-4.861910880457065,38.350707994117215,-2.510062322309494,-1.9030976875704457,12.091312890038324,-4.239698408461933,-34.52776434608806,-0.35693358222151805,-67.79285353358915,-1.1016057766192855,16.522292846146634,-2.0236462018618755,6.591060728700796,-1.7127641584310087,-0.863782517740659,-1.630574237099562,-2.4255924553730464,-3.6700468698264204,-0.3861355164699297,-0.3060482557023108,1.0615656205547808,-1.0981752379462995,-0.326357655378815,-12.842801796496502,-0.20531586559425818,-1.4584638888109325,-2.2447819496712884,-0.5512951083728678,-1.2836538642562092,0.4214375427616588,-1.1316217635882158,-0.5152829966744819,6.820280637385135,-1.6469073630987818,1.16952551214162,-3.0251476275039337,-4.2317489366532195,-0.9718592365797374,-2.3501975951528866,-7.134519023012242,0.6006284795343166,2.4709158615907967,-2.121974632565756,8.725310116680333,-0.852603253231907,-13.487825819517838,-0.7915636483235922,69.22235247759613,0,12.009455945746993,-0.30984770024254527,-19.553225548851103,-2.9679909861314453,-0.9963804570940153,35.757885376454496,-10.230876779392887,-3.0924975307958,-8.750267262625087,-19.79502971851403,-4.599449027162635,0.5484863443623453,-1.6038458981686483,6.349578533542798,0.7585696195551668,-10.071108046946392,-0.7284230734311272,9.339496456615962,-12.550558463350676,-43.81449486484601,-1.8324086943343652,-113.86782610160299,-1.3738989891177114,2.8022882855437246,-3.9975306285023677,-0.9424438123812051,-0.435612119421279,-359.9073423317934,359.9073423317972,-477.0185603757447,477.0010201147997,-223.1050043035662,19.652141335478895,304.01144970569646,-6.481668451356099,-167.50053953496945,15.567052768762537,-137.28684009592348,-5.208272202049006,-22.736614476530047,0,0,0
2013,-0.23057513024942877,-1.7389550661277866,-0.2553495984694565,1.3315766523374464,-6.9944383943805875,-0.78651946710667,3.388109518586485,-6.368361158455446,-1.9784449983658838,-22.292242301508775,-0.7307398429105085,-3.2097776111876355,-12.62214274601726,-0.026561297508645776,1.2249046128832415,-0.31377996090541316,-2.0255206858074093,-9.590556601027401,-2.377741537182896,401.7609082420804,-3.1629967023941568,-1.3423441727636392,-1.5158754016606664,-0.9201585086898767,-0.404434477418506,-1.3776748317651872,-3.965217061216391,-0.5555293348578152,-2.006233199886873,-1.438302165272212,-0.6525902077082608,0.30241734427521827,-1.59161185725493,-5.330687746566566,-30.70381601314797,-0.8364184029940951,-27.036842083796728,-1.2885772935825006,3.223038336007779,-1.3527433779672453,0,-0.6093969972313209,-21.079499257078645,-5.247512165849905,51.784251361577674,-7.4964835080740215,-2.0614742622086766,16.313543545193,-4.469156535139408,-32.37971548019509,-0.21460858935414695,-53.78146634089427,-2.7465727022660724,12.842048425659279,-2.7067189862985175,3.9230637577400884,-1.8207500510601347,-1.1573335656565245,-1.5061537402689837,-2.5467089061519532,-3.6002818491159623,-0.41136791353742974,-0.5249444673385951,0.010583740261708385,-0.7229724936958292,-0.3260155012799604,-13.690559981925844,0.2219405971953936,-1.5904540105222011,-2.6905535466722883,-1.5438161249717286,-1.7335430211323275,1.6506484943674948,-1.1379781855067108,-0.3898320917462321,-0.9966790647226915,-1.2235575870985453,0.8138739716133312,-3.163221139996118,-2.7571235544360264,-1.0540293299618526,-2.695932761921858,-8.088547983412823,0.5446939596125056,4.482729204697847,-2.0547138000485834,7.261875616858237,-1.031381805872128,-13.223122178752021,-0.6773862189569897,62.7423035184118,0,2.5837937800168334,-0.24484771941556005,-19.221514721255957,-3.3265966174197015,-1.058918964883591,36.70934906463896,-9.714196901437475,-3.089306208873002,-8.07701941057184,-23.231045579806484,-2.711386562961721,-1.08064163328757,-1.2573524902063045,5.833626919403327,0.389509858856087,-12.506618176456413,-0.6755614253311018,7.960699907657315,-13.957907236174222,-39.916082228382834,-2.3722120296079554,-101.25580279366204,-1.4552219634141723,2.571250607854232,-10.72221321058273,-1.2774264446344428,-0.15635494342647105,-317.9546572087372,317.9546572087394,-430.63462557826205,430.4993562830805,-201.03150646544643,2.409332874410903,305.33188721273007,-2.2041050611865485,-155.25918183159595,-0.06380778229609874,-124.87391528216801,-1.1384679441151189,-24.18547186160124,0,0,0
2014,-0.2260794500749077,-1.2892793907311173,-0.18187412929384683,1.3080971959651606,-7.114525728977476,-0.9476620877673412,3.1896379738396696,-6.265779857516488,-2.193034692976738,-22.289205664218333,-0.5357604645407155,-3.2156037872002896,-11.991964807725168,0.17896647180981562,1.3882473606221701,-0.32400213465308736,-2.024641648941124,-6.8666811627959135,-1.952046163381297,372.6689340841376,-3.2447911034719574,-1.3134691886990186,-1.5160147997617428,-0.8433680776908261,-0.31913796742396316,-0.7898910610660685,-4.326669414889718,-0.43806665223728913,-1.9054789541748054,-2.69347050209511,-0.639543244632631,0.17044409395721605,-1.5750210281046861,-5.8610528695267785,-31.837890980450723,-0.9204078332774799,-28.56300991555267,-1.0493327930358909,3.3967752366050696,-1.3172280966359047,0,-0.5885977954406734,-20.390881396379708,-5.14287116972692,52.635989988858114,-5.785712972824427,-1.740743370155565,13.492910124260192,-4.657255002220147,-32.940772322223836,-0.1645903111185807,-48.93473277413142,-2.5055236969410357,14.731211826669117,-2.682451611209826,3.542715349272239,-1.8938975187943448,-1.1521437311742073,-1.5281215570225553,-2.629559478930768,-3.4786864987741253,-0.3583169707701874,-0.5366483617792149,0.35048532924307096,-0.7089945867123176,-0.24519654148906223,-13.049268047361124,1.0584457773329898,-1.1248625512707662,-2.714352767482049,-1.6047531738257539,-1.6756834537736087,0.8736089022626672,-1.1126444830583022,-0.3743483136853025,-0.31041817513767356,-1.2233075526955677,0.49112425620230304,-2.956695032995597,-2.7714162773080884,-1.055366603815755,-2.8015788519258997,-7.429972003968196,0.5512146081819695,4.126040606147868,-2.0200479030673364,6.1202147221941505,-1.009970226325333,-14.498868383541264,-0.5084498292188151,69.73798648780172,0,2.5115267922402893,-0.20794701690641526,-18.43732481858069,-3.62644911033877,-1.2096404585516631,38.16092806227721,-8.859775346273494,-2.996434223948369,-7.839523525577009,-22.9630966226294,-1.3198128328670151,0.6795345918700235,-1.2405800428569074,5.059190102397906,0.6522383110299863,-8.574860111586062,-0.686933004790675,6.961935051529153,-14.021814486908397,-42.93605078481785,-2.2451038229104,-96.20229924726391,-1.419518846072616,2.102172683526746,-8.122495983549662,-1.3108394494518771,0.11935760183810817,-305.31475543129744,305.31475543130193,-420.73689963991484,420.6257230964818,-207.1593214215926,4.952168372730224,294.76052043077226,-2.5733528978974487,-155.39784073191225,-1.294637907927676,-116.43624433417297,-0.7994788687646173,-23.194538429926293,0,0,0
2015,,,,,,,,,,,,,,,,,,,,,,,,,,,,,,,,,,,,,,,,,,,,,,,,,,,,,,,,,,,,,,,,,,,,,,,,,,,,,,,,,,,,,,,,,,,,,,,,,,,,,,,,,,,,,,,,,,,,,,,,,,,,,,,,,,,,,0,0,0
