,2000,2001,2002,2003,2004,2005,2006,2007,2008,2009,2010,2011,2012,2013,2014,2015,wb_name,ISO
Albania,0.8005943345441464,0.797292157114512,0.754797259529428,0.7773385535190354,0.7815009566907263,0.7224458951666742,0.7010789064033665,0.7057428680408513,0.7206292218507566,0.7039021782659289,0.759592272799792,0.8351165218896619,0.8039454117622485,0.8506226708821297,0.8526381828755043,,Albania,ALB
Algeria,,,,,,,,,,,,,,,,,Algeria,DZA
Andorra,,,,,,,,,,,,,,,,,Andorra,AND
Angola,,,,,,,,,,,,,,,,,Angola,AGO
Antigua and Barbuda,,,,,,,,,,,,,,,,,Antigua and Barbuda,ATG
Argentina,0.9838441479496088,1.0012177908377133,1.343218309762631,1.180393134460291,1.1738230164613275,1.1358506642848252,1.1051930332160205,1.059627625880626,1.0527725158529821,1.068888050046333,1.0321871415225345,1.0157313476039658,0.9981747099791639,0.9674979622344498,0.9758427176099588,,Argentina,ARG
Armenia,0.847928979394956,0.8363013113455693,0.8192218630702397,0.7769848988601129,0.8133139113442508,0.7850063225860632,0.7846511633243399,0.6635638514515529,0.8007221726890142,0.7149436507988918,0.7371573886689525,0.8239197715955153,0.8649595020788009,0.8544477117375981,0.8912169051381866,,Armenia,ARM
Australia,1.210695952578702,1.2091574508930447,1.1432231242024968,1.10880523893431,1.0969362883455906,1.111064623468608,1.0744765027596561,1.0516829501702347,1.0889413457101373,1.0389337067294886,1.0408123005235335,1.017913067998706,0.978117230806507,1.0124450530192282,1.0123421259859156,,Australia,AUS
Austria,0.7034803558385623,0.7259911811778813,0.7396429979085911,0.7809295919779309,0.7611188846318817,0.7552467862806018,0.7167997156340757,0.7246541090923092,0.7347064163935311,0.7299862535797429,0.7400506327790428,0.6972242852721323,0.7098679709683436,0.7261559806775714,0.7114184820259568,,Austria,AUT
Azerbaijan,1.1287798726099736,1.0888392347387599,0.993184825589082,0.9057610068800468,0.8851940810848716,0.9813404051532875,0.9652857480803285,0.951101731269728,0.9889684499660398,0.9848564740789552,0.9868431703363788,0.9856676835078483,0.9598864705472692,0.9251398648649467,0.9147980105019787,,Azerbaijan,AZE
Bahamas,,,,,,,,,,,,,,,,,"Bahamas, The",
Bahrain,1.429220243555337,1.2604840171366127,1.285838860931798,1.372404606163597,1.4782284534216055,1.389826894982112,1.5211148643655044,1.5915215727515777,1.558969263817217,1.3785157603091613,1.3746365734056205,1.55491091334087,1.6026855040299386,1.6360388918090623,1.6003383028687108,,Bahrain,BHR
Bangladesh,0.8209720130283125,0.7823645557487874,0.8659095202648966,0.7343222144456725,0.7539364978572909,0.7612057170684158,0.7866133823709105,0.7526916408408526,0.7996801718238509,0.8039967563376402,0.7800279719079292,0.7687565281202201,0.790106035316863,0.7469997304330833,0.7574990341975754,,Bangladesh,BGD
Barbados,,,,,,,,,,,,,,,,,Barbados,BRB
Belarus,0.8197926057569348,0.8669381677060545,0.8334127374603479,0.8671364573706091,0.8913118902869214,0.9750219727912798,0.9097961681458391,0.8549196894749732,0.8158625240619916,1.094258760429615,1.005691244097458,1.1713500531520131,0.9266199454184291,0.897852150829207,0.8890527346137553,,Belarus,BLR
Belgium,0.6587441048739133,0.6657932783223259,0.633808500209115,0.6526791081501739,0.5889018215520732,0.5802988711993187,0.5408617887683552,0.5143858190780223,0.5641250806259183,0.5909383465007948,0.5806902325098031,0.5045181665883316,0.5413236421740223,0.5546984426026492,0.5411750980747216,,Belgium,BEL
Belize,,,,,,,,,,,,,,,,,Belize,BLZ
Benin,0.6251093167366136,0.6239250552547541,0.6285572998294267,0.6160839635397485,0.6831824185295258,0.4817920691833467,0.5643848474037786,0.6465117893831447,0.5881773093617738,0.652455864505331,0.6905637579240571,0.5795260855002032,0.6792614047912211,0.6839004851036792,0.7457960236302236,,Benin,BEN
Bermuda,,,,,,,,,,,,,,,,,Bermuda,BMU
Bhutan,,,,,,,,,,,,,,,,,Bhutan,BTN
Bolivia,0.9883043483449234,1.0022179658919352,0.9465595358563106,1.1325948565612605,1.1784723473994694,1.18572894948909,1.211053315699515,1.1633188627546145,1.1318775357225248,1.0527332737565334,1.0919972616985103,1.069975960204127,1.1327540138596974,1.1128126417539166,1.1102295361533523,,Bolivia,BOL
Bosnia and Herzegovina,,,,,,,,,,,,,,,,,Bosnia and Herzegovina,BIH
Botswana,0.43830686472679975,0.4866060887439902,1.2315421330208909,0.265172715548594,0.3940294867655367,0.46036267048075435,0.4947776598866259,0.3993093702957868,0.35281102636818634,0.6704061873888696,0.7730731158304305,0.7766819313030622,0.7293434610633102,0.3154340262312803,0.34542212383184556,,Botswana,BWA
Brazil,0.9695764236334763,1.0096416217998245,1.0426826012191186,1.044655939443767,1.0537033345293234,1.0201320736257677,0.9887209269646439,0.9576092168554105,0.9121980851030086,0.9405818291070291,0.8946962845156236,0.8892253624432465,0.9060514501683017,0.9158389960235701,0.923038705394192,,Brazil,BRA
Brunei Darussalam,1.5139535008260614,1.4856247406575558,1.4181613758572642,0.9796126782647024,1.1188438341989082,1.1185908031324534,1.0106028133315472,1.1868928872461633,1.2549002470910149,1.4097426397028123,1.428485600881355,1.4216311310999843,1.2863851304852207,0.9876433867973756,1.0827190402974394,,Brunei Darussalam,BRN
Bulgaria,1.030861474447677,1.0710081541769798,1.068002331653847,1.0851300599431104,1.081710086009884,1.0524483479196278,0.9980328741158725,1.0433186636750964,1.0014432252273062,1.0293061561360652,1.1282701786916365,1.1754085469924171,1.105199044573677,1.1181318012345522,1.1271749451769248,,Bulgaria,BGR
Burkina Faso,0.715225018451416,0.6473221210402792,0.6060451958698643,0.551031791299953,0.5009405432168292,0.7287256378426021,0.76798831943971,0.7348181758008514,0.738798259070593,0.6645195470375299,0.6789495715800853,0.7853051837401921,0.8713559900858019,0.7266201087376615,0.7189968708568205,,Burkina Faso,BFA
Burundi,,,,,,,,,,,,,,,,,Burundi,BDI
Cambodia,0.7285042455897889,0.6658601194510896,0.8529474123496027,0.4970275450699663,0.48312825053814346,0.43794331263754743,0.4248012726297738,0.4509616591154078,0.46749189001326763,0.5536969544534471,0.49028202612012295,0.4571939184721972,0.4876410458866508,0.4287099511461053,0.4434185713903275,,Cambodia,KHM
Cameroon,0.7949973354917605,0.7167409869097066,0.71725792736975,0.6949436888039127,0.7425147543807469,0.6662560674545607,0.673408933194563,0.8800306690646174,0.7781060317126843,0.8010963955110181,0.7959279514050386,0.6982109239392208,0.6621484569177025,0.643044126679265,0.6505379153048393,,Cameroon,CMR
Canada,1.0113721764122368,1.035214470074818,1.0049360329334702,1.0711676220257722,1.0299204087109293,0.9965168245732104,1.0034293169938693,0.9825396386056646,0.9842552984127467,0.9656313992483013,0.9277677290024331,0.9958301267553552,0.9365855755940842,0.9422264971507077,0.9580156370069821,,Canada,CAN
Cape Verde,,,,,,,,,,,,,,,,,Cabo Verde,
Central African Republic,,,,,,,,,,,,,,,,,Central African Republic,CAF
Chad,,,,,,,,,,,,,,,,,Chad,TCD
Chile,0.9855016896374927,0.9821031956697975,0.9466981162464072,1.0058203215692827,1.0329004053236948,0.9876005854665725,0.9705754524182812,1.010518250158921,0.9238458367349667,1.0211195759913556,0.9682847550333878,0.9520609915721587,0.9000028303578215,0.9051132901604517,0.9191532359980044,,Chile,CHL
China,1.1350941786823914,1.111584364915752,1.1365863064578454,1.1956393794181495,1.2441081361678066,1.2760612524626807,1.3227199568883998,1.311686702869883,1.2811285952737526,1.1927228436365422,1.2115806367416586,1.1980272091929605,1.1816277131915216,1.1708162303538592,1.1528765479077154,,China,CHN
Colombia,0.9649667411180289,0.9539757096006636,0.8926805990627585,0.9512538081603286,0.932443723294903,0.9130452490986545,0.8754598146967205,0.8420767206647343,0.8607620429427401,0.9240002356900492,0.8930754007647825,0.873810695954286,0.8662261643674741,0.8854152629963251,0.888220750621797,,Colombia,COL
Comoros,,,,,,,,,,,,,,,,,Comoros,COM
Congo (Rep),,,,,,,,,,,,,,,,,"Congo, Rep.",
Costa Rica,0.6069998008122409,0.5831978880954544,0.4458178002036548,0.5908381703166472,0.5829753810609728,0.526856892291788,0.6238279983416517,0.634500602034018,0.6239149850127308,0.7233038587681396,0.638969141257661,0.5865967731704498,0.5739095954948166,0.6074264230386881,0.6184812750185508,,Costa Rica,CRI
Croatia,0.9334843110016908,0.8839737615982435,0.8766500674962112,0.8661460152891403,0.862056148485593,0.8243671724588527,0.7453606231078872,0.7988778416452454,0.7725791410789656,0.8221527998956725,0.839095127503732,0.7560972950879522,0.841739391907094,0.8448544988288563,0.8507011897562844,,Croatia,HRV
Cuba,,,,,,,,,,,,,,,,,Cuba,CUB
Cyprus,0.7709764193806359,0.7746761924915233,0.6607964870940974,0.7611203826370384,0.8551158856398002,0.8227620727186387,0.8636112809994171,0.7893623371831834,0.7133953048134535,0.6446532533664594,0.6108527996029783,0.6667016852587555,0.7510343271262114,0.8131638045621342,0.8547002968429414,,Cyprus,CYP
Czech Republic,1.0786511601132238,1.0752048955822708,1.0184908333721658,1.0476599951994876,1.078728896767368,1.1177653999431432,1.0323311681960907,0.9963558912549751,0.9246204583744823,0.9762741179366277,0.9465768096814171,0.9247114419830729,0.9550786789942786,0.9512890898771051,0.9707583796575124,,Czech Republic,CZE
CÃ´te d'Ivoire,1.1834349995847016,1.1863820081899206,1.4092984804892807,0.7593602227782363,0.9715376074192331,0.8842511753859778,0.799014337677554,0.8247502241626092,0.7573761745584551,0.7159607134004311,0.7541656145574656,0.7955535323580364,0.8363572011421271,0.6178666461199992,0.6292748268385499,,Cote d'Ivoire,
Democratic Republic of the Congo,,,,,,,,,,,,,,,,,"Congo, Dem. Rep.",
Denmark,0.854600808739675,0.8759569345896886,0.8578342970407823,0.8961952193770568,0.7919142570140633,0.7657846645996855,0.8025430575834825,0.774119062353478,0.7625470146925996,0.7809998984179805,0.779493017328419,0.7246870969288898,0.7184472254077524,0.7438568636986723,0.7057675197349778,,Denmark,DNK
Djibouti,,,,,,,,,,,,,,,,,Djibouti,DJI
Dominica,,,,,,,,,,,,,,,,,Dominica,DMA
Dominican Republic,0.8388344458376543,0.8569118192350279,0.9326892825763986,1.0539210089504236,1.0228343260354464,0.9048588296323616,0.9295507669724047,0.8877739299174028,0.8422030843560037,0.9002488402935425,0.8693141989645011,0.8814466151833197,0.8642392891803641,0.9155027977573351,0.9344253658136787,,Dominican Republic,DOM
Ecuador,1.001536951548371,0.9094750060868694,0.8507386580773735,0.8907877139655092,0.9096733126078063,0.9036320334389429,0.8519717142273107,0.8545813411758333,0.8662688773078983,0.8878806480265102,0.8520700322041868,0.8436204825577058,0.8340069392978587,0.8554194664368118,0.8655069425179193,,Ecuador,ECU
Egypt,0.9871112130544898,0.9939005997899352,0.9976503449693894,1.056328222598953,1.1395042446923884,1.076957173954568,1.0960307102084654,1.0794607817675692,1.055575095608554,1.021828625384935,0.9896744557654524,1.0053349818711066,0.9561057242738298,0.9758379413654784,0.9559307758774377,,"Egypt, Arab Rep.",
El Salvador,0.7144850289076308,0.6846972523782171,0.6913606855475942,0.7159805095082844,0.7085815687212244,0.7183877467727351,0.7320433762843443,0.7403284267967718,0.7036645693367687,0.7870009881543,0.755497274813251,0.7318411802832846,0.768611653108132,0.7265595888223664,0.7347517644505166,,El Salvador,SLV
Equatorial Guinea,,,,,,,,,,,,,,,,,Equatorial Guinea,GNQ
Eritrea,,,,,,,,,,,,,,,,,Eritrea,ERI
Estonia,0.8289333924805407,0.8733785597194044,0.7988341863546496,0.8248395448169275,0.9329229294805467,0.8731715889706291,0.8007768668119344,0.9180050206690079,1.006708769802213,0.9677593939686938,1.048849865615209,0.9656971580797972,0.9677441170799927,1.0600302560714716,1.0341368784135114,,Estonia,EST
Ethiopia,0.7014673812334334,0.7319763361152454,0.7611298979701563,0.7196747686586316,0.7591829461748393,0.6486706525092694,0.6300876002951706,0.6664880012144785,0.6414245256776645,0.5774660003688844,0.653293873333203,0.7193965324505315,0.6054222505070106,0.6456479527089742,0.6528419774626438,,Ethiopia,ETH
Fiji,,,,,,,,,,,,,,,,,Fiji,FJI
Finland,0.7561830208125534,0.7907488015828064,0.8281373667044027,0.8222158093783195,0.7475828093635867,0.6780384771005742,0.7048485881906509,0.6880563718264969,0.6693947301175723,0.7539002822713682,0.7520051468850096,0.722165303091226,0.6826320961280758,0.7263185862892967,0.6890968632864679,,Finland,FIN
France,0.7905517571414813,0.8018066592450594,0.7903726300193539,0.7974103266794985,0.757817746965236,0.76803515737956,0.7606971729743797,0.7122329217555856,0.7199118872528653,0.7300009975746166,0.7440093682252922,0.6694657384931806,0.7514046398482941,0.7643621453696638,0.7419121184967672,,France,FRA
Gabon,,,,,,,,,,,,,,,,,Gabon,GAB
Gambia,,,,,,,,,,,,,,,,,"Gambia, The",
Georgia,0.8184469920650109,0.7162688516847514,0.6968457112557997,0.6819483785725485,0.66461439010828,0.6713277125644918,0.6916340815245037,0.673833427828678,0.5810434051162807,0.7801722716915254,0.708472897401425,0.7621746036213577,0.7182172083385808,0.7100218185663106,0.6870842778355233,,Georgia,GEO
Germany,0.8417122256670015,0.8606712965639336,0.8693913262046441,0.844542992804863,0.8225084675162639,0.8155493062594056,0.803155887202427,0.8168124242439574,0.8317531269628621,0.8366241034826725,0.839129290575153,0.8205132309512604,0.8732434734149802,0.8940285842271687,0.8833946515430117,,Germany,DEU
Ghana,0.7371773052129799,0.7676548801676291,0.7931069595113496,0.7096791960267494,0.6125638791907942,0.5617129299937749,0.6667457566035963,0.645209013512563,0.6037407309640695,0.5968558837289376,0.6770752747900096,0.5989347284685381,0.6220103566391435,0.7557466753164632,0.7916102012249252,,Ghana,GHA
Greece,0.934720475339469,0.9486533119021925,0.9267226077767599,1.1039045342000398,1.1307294210794747,1.1522515903808794,1.0865008107873637,1.1315576654145059,1.084953058109646,0.9268339292483492,0.985047704052334,1.0765219803779262,1.119767392483489,1.1660897003676902,1.1852533968213366,,Greece,GRC
Greenland,,,,,,,,,,,,,,,,,Greenland,GRL
Grenada,,,,,,,,,,,,,,,,,Grenada,GRD
Guatemala,0.793088027551342,0.7827620664827957,0.7326533576285281,0.7895008006058343,0.8083387323738846,0.7855232492362538,0.7549602372756953,0.7575014914682242,0.7149860195816696,0.7802086602937206,0.7404718828131919,0.7017719073316939,0.682031504143947,0.7326986814117804,0.7442833020580812,,Guatemala,GTM
Guinea,1.0000000000000002,1.0,1.0000000000000002,1.0,1.0,1.0000000000000002,1.0000000000000002,1.0000000000000004,1.0,1.0,0.9999999999999999,0.9999999999999999,1.0,1.0000000000000002,1.0000000000000002,,Guinea,GIN
Guinea-Bissau,,,,,,,,,,,,,,,,,Guinea-Bissau,GNB
Guyana,,,,,,,,,,,,,,,,,Guyana,GUY
Haiti,,,,,,,,,,,,,,,,,Haiti,HTI
Honduras,0.6667959912592524,0.6909421401975576,0.6606036028516284,0.7624098095208841,0.8284720622278744,0.7894227136340067,0.7697572299491989,0.8267471982135439,0.8188020357086657,0.8172158910185197,0.8063032029162841,0.8715106587860415,0.7695179434848693,0.8022335331088871,0.8124240314957277,,Honduras,HND
Hong Kong,0.3640028915371966,0.3230219628446009,0.3859747060506113,0.43679805268911676,0.45107874282637783,0.41617508162598854,0.38434764444999336,0.48192347232200583,0.43203696139445,0.4690152217429175,0.4212728082999677,0.5330082203488036,0.37606285059253136,0.367921566240477,0.3731507094652514,,"Hong Kong SAR, China",
Hungary,0.83439079395562,0.8324249606626949,0.7766086929358089,0.757222689161465,0.769331165386853,0.7663474785627208,0.7098587639093155,0.708860512723565,0.695794627927924,0.7529087004535868,0.7390149066550652,0.7185820363739781,0.7241938218361612,0.6955736913761017,0.6981028640363073,,Hungary,HUN
Iceland,,,,,,,,,,,,,,,,,Iceland,ISL
India,1.093980144495023,1.0819853478100392,1.0926515650061666,1.0756268909774191,1.066271910239095,1.0770049750011037,1.0565340994285035,1.052987446004563,1.0713656278396138,1.0465013734938378,1.0484768229045573,1.065606739938731,1.074889057071024,1.1029307952614105,1.0979606659242966,,India,IND
Indonesia,1.1546299651470038,1.1729388689358267,1.0991932943870373,1.0743031220496566,1.0834717588037996,1.0718740963809863,1.0423923651592093,1.0332198000125503,1.0195292021092384,1.0087611689462437,0.9792406865533925,1.0117526327867596,0.9848796948304451,0.9457643084598516,0.9607694469171586,,Indonesia,IDN
Iran,1.1429954670046594,1.123291741875277,1.1595204367654839,1.0219172901060882,1.0386393425835323,1.064014569632512,1.0750223362580742,1.0400064236354185,1.0570322433138732,1.071184004335501,1.0521604023130182,1.0606641662083574,1.0739567442466111,1.1073701240355127,1.0840046502744447,,"Iran, Islamic Rep.",
Iraq,,,,,,,,,,,,,,,,,Iraq,IRQ
Ireland,0.8252271217163799,0.8556996032403461,0.8127121278250075,0.7218414076103201,0.6853904997324046,0.6744521091332145,0.6689341469696928,0.677973613815609,0.746118015203387,0.8150783780506788,0.859367004788969,0.8118257649584856,0.8450612873883703,0.8306549259490136,0.8514553628233156,,Ireland,IRL
Israel,0.9012891152230336,0.8974728016203144,0.8915305022927444,0.813641859824113,0.7959660582879045,0.7746280530491314,0.7980082908483658,0.7938291462218265,0.8132451973564826,0.8353045694245631,0.8203701058053939,0.811290228195397,0.8292970209350591,0.812623068044726,0.8013232455857492,,Israel,ISR
Italy,0.8111336127795628,0.8328749146042029,0.819206220455849,0.8402300119275237,0.8091196047435112,0.8067760751143855,0.7678154123122538,0.7638473201603929,0.7516882511180213,0.7614337919973984,0.7407989330870433,0.7209421102212087,0.7547550491178363,0.7531962655078235,0.7396130571612729,,Italy,ITA
Jamaica,1.336164652819907,1.0642616971160948,1.2209264827137285,1.089848128794616,1.1044520300481004,1.0250086845862225,0.9860136875575104,0.9368895850239626,0.972502885897777,1.0239800826997218,0.9538472216412508,0.8992676360887436,0.8484315715244902,0.9075603913862799,0.9292989345392025,,Jamaica,JAM
Japan,0.8376710119477263,0.8513781832818048,0.8651573484732303,0.8561799986897327,0.847429610254702,0.8407018643953831,0.840096821237802,0.8563080840826968,0.8295284044172808,0.8497169819858721,0.8460081451453555,0.8333211270015202,0.8391840396325948,0.8693756214841661,0.8759008749850891,,Japan,JPN
Jordan,0.8904559565086771,0.7990719765077019,0.7720764556364645,0.7834046338640119,0.7614436390759822,0.7546106544572474,0.7815134840793114,0.8157455460416361,0.7430827202242576,0.7099064950475169,0.7478120664439083,0.7398350107490137,0.8602130587615987,0.7112388467985195,0.7352735426943956,,Jordan,JOR
Kazakhstan,1.2890516265986134,1.1750869322076178,1.2355622923321843,1.2892587375565605,1.3146196203301106,1.2563637623934665,1.1658850404925383,1.1523220292767098,1.2249380896879913,1.29472533922797,1.566195411527805,1.6196275792063697,1.3641972147402153,1.2516510847260625,1.2842753207198312,,Kazakhstan,KAZ
Kenya,1.0348802789426574,0.8850674735086038,1.075773995885381,0.7002794431952366,0.7009281938236936,0.6835946137265638,0.6681961248242497,0.6567073169285663,0.6513299942306001,0.6512833866225317,0.6655109010009086,0.6669763281853603,0.6277767346404035,0.5726493404342923,0.5801738906221421,,Kenya,KEN
Kiribati,,,,,,,,,,,,,,,,,Kiribati,KIR
Kuwait,1.639266260167756,1.4201540178320957,1.334801214549728,1.1313844298412594,1.1553017363815314,1.1911155588844622,1.1556505341715402,1.0659516896520476,1.09616888351281,1.1866589091309743,1.1811475462868157,1.220164254683572,1.3139805543222158,1.1721326283413382,1.152846805641482,,Kuwait,KWT
Kyrgyzstan,0.9341195848939855,0.9526005330218262,1.0480977085832235,0.8778076076480825,0.8534196656810027,0.6495232333491492,0.4718172745075918,0.8073920144804615,0.9191348212964143,0.5043891654522076,0.5136653454035736,0.5657606316289137,0.6170680818923782,0.5958155213003118,0.5802824470534734,,Kyrgyz Republic,
Laos,0.5370453970413843,0.5817659499350615,0.62172870522582,0.6359741749208206,0.700992909586842,0.6934534225226457,0.5772147538404568,0.39471974367958607,0.36361002999197184,0.4090305267495427,0.4507646283817725,0.36660452795272214,0.40542888753645107,0.33879256596303364,0.3489545922284104,,Lao PDR,
Latvia,0.5727427190090013,0.6191469847432438,0.6569768404287197,0.538747342280433,0.5448858596229663,0.6018109597951666,0.5445142855073982,0.5201040255797986,0.5021906605626826,0.5710281271901455,0.6506764825059533,0.5937087223516878,0.5566323698838624,0.570559113069673,0.5604477979642409,,Latvia,LVA
Lebanon,,,,,,,,,,,,,,,,,Lebanon,LBN
Liberia,,,,,,,,,,,,,,,,,Liberia,LBR
Libya,,,,,,,,,,,,,,,,,Libya,LBY
Lithuania,0.6327198659564908,0.6918773661942957,0.5969165832094815,0.59976015444127,0.6340919704038293,0.6495714459869635,0.5842398951163688,0.6136035635877325,0.6092130453649256,0.6152669640425554,0.6488970297744627,0.5647205581960053,0.6112753368854953,0.581918607971198,0.5692543258928913,,Lithuania,LTU
Luxembourg,1.161879764991071,1.1377978174629826,1.1339578073923462,0.9605216931379911,0.8875235338844735,0.8091316175681164,0.661627361573312,1.0461636628376676,0.4546552594814972,0.4206241425318811,0.45955431457036744,1.0743889824017978,0.447291521179037,0.43858394805819606,0.4354181650364558,,Luxembourg,LUX
Macao,,,,,,,,,,,,,,,,,"Macao SAR, China",
Macedonia (Republic of),,,,,,,,,,,,,,,,,"Macedonia, FYR",
Madagascar,0.8226143531815435,0.747158093638814,0.7327863656100978,0.5723642490970084,0.7206822615040497,0.5319485686644572,0.5999713004256632,0.5708484185704953,0.47038692135424315,0.4746431520558715,0.5705141093113403,0.6393465956641817,0.6531100564516384,0.6710025032763164,0.725137467026775,,Madagascar,MDG
Malawi,0.4813974690776098,0.4774424530660515,0.4140596358667032,0.47097380438460357,0.493547165622251,0.44355828166512984,0.46229537760858325,0.46756169598159253,0.42843644080535914,0.35681063377524813,0.39493608397544133,0.4453547311469132,0.5015892434182203,0.3979611236701067,0.40519634677636346,,Malawi,MWI
Malaysia,1.1227102294660227,1.1536217832523017,1.049166603220335,1.1510981538759448,1.134571607590492,1.1366900270723765,1.0856909918894602,1.120207977433047,1.1135479629556557,1.1587835022047746,1.1309368898497736,1.0964342292948837,1.0181215047617898,1.0001641235608298,1.0054041067248638,,Malaysia,MYS
Maldives,,,,,,,,,,,,,,,,,Maldives,MDV
Mali,,,,,,,,,,,,,,,,,Mali,MLI
Malta,0.5792475970992125,0.5695267752246873,0.6607530433029423,0.5329202080096903,0.7767500378420594,0.5976927962841574,0.5229775517800257,0.787681406603696,0.4976107312889049,0.4934136243641712,0.5241738103758121,0.4840053317937619,0.4162059692991619,0.4831321709358211,0.4887607956932913,,Malta,MLT
Marshall Islands,,,,,,,,,,,,,,,,,Marshall Islands,MHL
Mauritania,,,,,,,,,,,,,,,,,Mauritania,MRT
Mauritius,0.6250154537652756,0.6884605443563725,0.6600178857076309,0.6637090865461511,0.6444565412925556,0.7209054500073548,0.7257995323252018,0.7618812919929913,0.7196980216710186,0.7349000353665989,0.783389638875269,0.7174627330246915,0.7727880279979825,0.7570702417602332,0.8273119010361534,,Mauritius,MUS
Mexico,0.9372273303494659,0.9431023955875053,0.9308967887156488,0.9177875074422291,0.9341083214122698,0.8993284020277447,0.8929426076033112,0.9481699710400351,0.9467608220308447,0.9501865546189795,0.9228604386849169,0.9439932581174246,0.9108019844572842,0.9068248262438482,0.9095169561585379,,Mexico,MEX
Micronesia (Federated States of),,,,,,,,,,,,,,,,,"Micronesia, Fed. Sts.",
Mongolia,1.1253317436114787,1.1369644287796548,1.1174796196557737,0.9658045719940874,1.015867442962852,0.9695059573298409,0.9346752596612063,0.9906810347019778,0.9201234615040784,0.9397150505581542,1.0369277308901077,0.9707537284444898,0.9775127313647546,1.0199585801798345,1.0963904634497927,,Mongolia,MNG
Montenegro,,,,,,,,,,,,,,,,,Montenegro,MNE
Morocco,0.8328323801151909,0.8768159857173565,0.8162943180348913,0.8858780961678108,0.9012658011366196,0.8839568451879641,0.8728876518530635,0.8881853893987963,0.859748386764674,0.8886235898950442,0.9079673155805824,0.8975120659486785,0.9214336345012631,0.9094246319065985,0.9382491693187058,,Morocco,MAR
Mozambique,0.31192593199054414,0.38298322624182723,0.35557513900608123,0.4342944406352191,0.4485770841396224,0.3716205364429228,0.3177256395869333,0.3010677456763018,0.2655066127887733,0.2582244640039673,0.2989415007642685,0.3021879239785596,0.27489016146319983,0.2894452663856267,0.28950319420569137,,Mozambique,MOZ
Myanmar,,,,,,,,,,,,,,,,,Myanmar,MMR
Namibia,0.3190567873066792,0.34173702604811224,1.181063645892433,0.41946231494791447,0.34818308556141275,0.41442417787968094,0.4025120000661934,0.35638145673361865,0.41894689824513354,0.6836356194607915,0.7180601729011838,0.6818352500336885,0.6252994350109982,0.3424458974655357,0.33538469327058434,,Namibia,NAM
Nepal,0.7906572124662751,0.8068639242272003,0.6858400460038874,0.5536734704771297,0.613656404002755,0.6613214617535997,0.588514273883557,0.55173911206751,0.6121349848094929,0.5590383678896117,0.5128933311602181,0.523500151642476,0.5539234651530974,0.5056261934660268,0.5266414325840191,,Nepal,NPL
Netherlands,0.8827543734946591,0.9243300396945371,0.8806078422197968,0.9132975094662431,0.9109970414168219,0.8771037533174451,0.7710358404274902,0.941647433460933,0.9441516450878407,0.9451945668864736,0.9824966617926533,0.9940562129051013,1.0094085968128972,1.0379354916430001,1.0207059342558151,,Netherlands,NLD
New Zealand,0.9506024607662319,0.9882770231450813,0.9465148312612967,0.9596598781417442,0.8994877399063739,0.8833183310850052,0.9269011873352974,0.8847928345366195,0.8950172989291362,0.9451289611981248,0.9321787684283733,0.8853918393264915,0.8957368648074179,0.8938068156879176,0.8972953421551815,,New Zealand,NZL
Nicaragua,0.8168083889090607,0.8205995145232206,0.8044126438210663,0.7734376219251436,0.7849484452212658,0.7468798461087238,0.744654321129741,0.7402005145742026,0.7692582009438265,0.7900615415210592,0.7535617140103281,0.7671019687146251,0.7121779083912211,0.7616918669628916,0.7728957727520095,,Nicaragua,NIC
Niger,,,,,,,,,,,,,,,,,Niger,NER
Nigeria,1.7565805992856645,1.377442167280314,1.3261118005595602,1.228401313964165,1.1537554006861463,1.1344575028967259,1.4065227258260917,1.0871508293242458,1.094365868860045,0.933941491969487,1.1316248275706267,1.1774171368811137,1.3351370787370929,0.9631959352887484,0.988634768391304,,Nigeria,NGA
Norway,1.2355852104370901,1.2632892421831516,1.0747166256976484,0.978026095015296,1.0045364414285096,0.9494126279516455,0.8946336278351138,0.8457152860318823,0.8735173364937362,0.8726868109024628,0.8857935026957323,0.869779250519643,0.8807132134389392,0.9081148924806783,0.9072961343534276,,Norway,NOR
Oman,1.037184900164672,1.0602263515018728,1.0917736860379268,1.1252335839164003,1.1564683533617237,1.1596181441525084,1.1068204039861602,1.1126265366418966,1.0358384576037225,0.9855084265409949,1.141167963039085,1.2331909832035974,1.0780960571960394,1.0512801656390154,1.0309827327009902,,Oman,OMN
Pakistan,0.9378686700791019,0.9620513018082052,0.9437494832898379,0.965148350544896,0.949222504867361,0.9028049473926146,0.9141641767088827,0.9382728016461102,0.932309644614102,0.9464235610281113,0.9506792955538842,0.9492400586854802,0.9363021514370932,0.9296862295594457,0.9374316521880427,,Pakistan,PAK
Palau,,,,,,,,,,,,,,,,,Palau,PLW
Panama,1.0569335596631717,1.224172531504418,1.028538819002779,25.12743766591482,7.267846789688277,-6.6788910704716695,-6.390910661695392,5.814362942531657,1.1834894025417482,0.5235184620578847,0.3779350608858513,0.629181310509156,0.39388411484733854,0.5061682716576502,0.5140056406104806,,Panama,PAN
Papua New Guinea,,,,,,,,,,,,,,,,,Papua New Guinea,PNG
Paraguay,0.7424173493313976,0.7571028985487961,0.8638447155686705,0.8309340843296736,0.7736957862369132,0.7299488934492997,0.6977707380313666,0.6772544814163695,0.5837390709891404,0.6630308319050163,0.5992498141455612,0.6251184422223602,0.5936804216081473,0.5626487541632795,0.5678658440502402,,Paraguay,PRY
Peru,0.8832234962830219,0.8775339927945885,0.8280574522384156,0.8917442243989545,0.960504914142437,0.9840324645716478,0.9516330680128807,0.9966255110970383,0.8458762961581797,0.9831091569490873,0.9342123650708094,0.8849013791189695,0.8635050165869572,0.8525356811541813,0.850107465449153,,Peru,PER
Philippines,0.806096537328868,0.8074013784313208,0.8324716224287227,0.7764606710042093,0.8063141367764757,0.7797816521521577,0.7642665051545996,0.7687712420993625,0.7741996066946678,0.803248509744277,0.7925713361348823,0.7801269264899178,0.7773073808278487,0.7680939015219477,0.7928512124680217,,Philippines,PHL
Poland,1.0805243466935945,1.0860305679272844,1.0885207207006729,1.1332106738826369,1.1295846212447043,1.121307990203602,1.1009258057938143,1.0597338214649998,1.0305685065067507,1.0410972981636861,1.0375683310075359,1.0262208337816092,1.0285107752006295,1.0536727894231406,1.0512139272257188,,Poland,POL
Portugal,0.8305113084309567,0.8382177175367466,0.8534229642412552,0.817776069316738,0.8096185028825935,0.7956311576049624,0.7893409626995129,0.8117936520479373,0.8000301275413453,0.8430743684034725,0.801134259273311,0.8168289630071583,0.8639883138358262,0.8631455200673906,0.8644828393368916,,Portugal,PRT
Qatar,1.9254234147906804,1.9174735805162217,1.653137001336534,1.6048852945743932,1.6806230908049324,1.5717038805770458,1.7284686661842585,1.5754206463436162,1.4114178369058923,1.2529006149475466,1.3280665315742444,1.5444867703744505,1.5149896608371816,1.4560298225594168,1.3836845811615457,,Qatar,QAT
Romania,1.1286592971070621,1.117591106444508,1.1211987026220065,1.1094020770262092,1.069148904433364,1.0077480807965706,0.9120159800905765,0.9601640903894081,0.8966559509497873,0.9497054470120895,0.9097092609732343,0.9366596421332571,0.9662894217972704,0.9672829128624695,0.9752357442528614,,Romania,ROM
Russian Federation,1.4503466209781593,1.3316776973858144,1.314315388530273,1.2803461450843217,1.2701520782415143,1.255142945583366,1.2831371906872275,1.209741337457545,1.2209571068758422,1.205133629496912,1.2057888047651042,1.2038898866426617,1.1720410679571611,1.1599611153430407,1.1803982233222234,,Russian Federation,RUS
Rwanda,1.0,1.0000000000000002,1.0000000000000002,1.0,1.0,1.0,1.0,1.0,1.0,1.0,1.0000000000000002,1.0000000000000002,1.0,1.0,1.0,,Rwanda,RWA
Saint Kitts and Nevis,,,,,,,,,,,,,,,,,St. Kitts and Nevis,
Saint Vincent and the Grenadines,,,,,,,,,,,,,,,,,St. Vincent and the Grenadines,
Sao Tome and Principe,,,,,,,,,,,,,,,,,Sao Tome and Principe,STP
Saudi Arabia,1.3777405803782388,1.309572865396946,1.3284517523618282,1.0793909042555683,1.1253630681679896,1.1154727311732653,1.0854121580830756,1.0570164080858888,1.0654186801047774,1.0508144129774144,1.0577001494854048,1.067325269325323,1.0843718871346772,1.0178112577601743,1.0162650918473703,,Saudi Arabia,SAU
Senegal,0.8522901946300445,0.8628538831874415,0.7205601564155962,0.8482092073178233,0.8604764868618778,0.8382465492009165,0.7601988306888153,0.7683993573083036,0.7248335112818629,0.7803700707246333,0.964633733408352,0.9558972604181849,0.8744461823101588,0.903673332770754,0.9193212212544435,,Senegal,SEN
Serbia,,,,,,,,,,,,,,,,,Serbia,SRB
Seychelles,,,,,,,,,,,,,,,,,Seychelles,SYC
Sierra Leone,,,,,,,,,,,,,,,,,Sierra Leone,SLE
Singapore,0.4121717374321875,0.4713647715408829,0.44867519177075504,0.2931579829486971,0.25336148161974353,0.21298179872607717,0.18301568022406284,0.1910448955973487,0.307855769900918,0.3647821050359388,0.38220103252010756,0.34018116548517674,0.43242097149337266,0.4176801081910483,0.43814073305570805,,Singapore,SGP
Slovakia,0.911489286951415,0.926646617310655,0.9117101473116582,0.9496110564715597,0.959935175652185,0.9425667419868662,0.8724252915706612,0.8264016912489858,0.7839755232724254,0.7971250560898123,0.7761965215836824,0.7510882806810535,0.7673489402417113,0.7438487729229878,0.7153211772609553,,Slovak Republic,
Slovenia,0.8309832427920685,0.8967728182623109,0.8950110292006398,0.8817838024821197,0.9034440648989743,0.8820647241771554,0.8190283855584912,0.809325470334053,0.8225080440580625,0.8235663173202697,0.7815799453441848,0.7195539000493185,0.8123103168123336,0.7961028044205716,0.752700744972785,,Slovenia,SVN
Solomon Islands,,,,,,,,,,,,,,,,,Solomon Islands,SLB
South Africa,1.3618277002624515,1.4259184490434884,1.454841205148497,1.442790595353468,1.3895593571202287,1.3703710630965813,1.3562128415070478,1.399659767049293,1.4938025410584246,1.4225081749520327,1.4049709803313308,1.4247395526917175,1.3845880303043867,1.3998898533976,1.4105130766827416,,South Africa,ZAF
South Korea,0.9122670769913317,0.9481723104642753,0.9030876661854148,0.9004718896462502,0.9007701510549003,0.8260790747318436,0.7895562475948662,0.8006226125091338,0.8107708444898183,0.9104610597896595,0.8966467366590016,0.9041651586993046,0.9219309165028918,0.9243524680562771,0.9175560824014238,,"Korea, Rep.",
Spain,0.9536109814708457,0.9489800278105822,0.9341168603979441,0.9290007558454703,0.8965942407336995,0.877712787088165,0.8296471584458788,0.8231924078253636,0.8144249550154836,0.8363727995762137,0.8155110739406256,0.8358697001928487,0.8818656983079938,0.8763505042835971,0.8864676141224944,,Spain,ESP
Sri Lanka,0.684643469352106,0.6778326725299325,0.6447635280569579,0.666128345493827,0.6903591462522732,0.6296632446099081,0.6421574145434819,0.6643332322800994,0.5905621945623549,0.6540738058501994,0.6354230444268876,0.5837140361303769,0.5886267314186363,0.5858453692116562,0.6072862328658735,,Sri Lanka,LKA
Sudan,,,,,,,,,,,,,,,,,Sudan,SDN
Suriname,,,,,,,,,,,,,,,,,Suriname,SUR
Swaziland,,,,,,,,,,,,,,,,,Swaziland,SWZ
Sweden,0.6648992417136504,0.7112838378361767,0.700187271069623,0.6650666242199559,0.6387560907442236,0.6193852136245439,0.6009544724274695,0.5762273183771441,0.5800701644938226,0.6328515408722157,0.6151496081751422,0.5922761642214507,0.5922064778094263,0.6027269722627119,0.6017683996158358,,Sweden,SWE
Switzerland,0.3947455686206715,0.4511019894206834,0.4676573515005831,0.41776237613682465,0.4201429216340704,0.41836973621486107,0.41808031487470354,0.3767464937215111,0.38075110802115664,0.3966013872781803,0.4125916169184434,0.33809469432652167,0.3680522256612834,0.3365673313403271,0.31818855400901264,,Switzerland,CHE
Tajikistan,,,,,,,,,,,,,,,,,Tajikistan,TJK
Tanzania,0.5435530558306692,0.5994207225971976,0.6273436030069202,0.5964573997879908,0.6259463219236294,0.6613984487432142,0.6262930578802722,0.627115866355685,0.5608380229284651,0.5442329684263032,0.5906574145251983,0.5703131430037337,0.5868681285954505,0.5527682497671026,0.5727052616200431,,Tanzania,TZA
Thailand,1.1115795997761324,1.1496795362413077,1.2050478204033614,1.1286381631800488,1.0824483277171317,1.0387675906415321,1.0778222502766353,1.0781928327603494,1.0257095473487754,1.1035365343775514,1.055657742798855,1.0194792048911532,1.006633322897693,0.9870955284347083,1.0081136535936828,,Thailand,THA
Togo,0.8840080848878521,0.6872705113676564,0.688690137436255,0.6284589966350496,0.5966483294390725,0.4380621381955278,0.3716675093818725,0.29015138885087505,0.40413272092326274,0.6192929076336532,0.5410993927187493,0.5252385481752078,0.2689341126888233,0.3259437576501997,0.32784529616573754,,Togo,TGO
Tonga,,,,,,,,,,,,,,,,,Tonga,TON
Trinidad and Tobago,1.7209728648606948,1.592130396724739,1.4761724163420187,1.9620613656154915,2.208295039675519,2.7517558560938533,11.942353587433814,4.204983469301626,3.8904852469255022,1.8254748997001091,2.221041875914089,2.44465502661785,2.0541481397079506,1.850584657738656,1.6778156764107168,,Trinidad and Tobago,TTO
Tunisia,0.8952866692860855,0.989550637575237,0.9671506742916265,1.021554502347488,1.0307986252008094,1.078085537667955,1.0444833459997604,1.0984372026276685,1.040621417585067,1.054630602146349,1.0800556362960816,1.0547225409290903,1.1148403019734936,1.0544351052370846,1.089240068495924,,Tunisia,TUN
Turkey,0.8869164643575679,1.031195065865901,0.9649537876740925,0.9486445690356373,0.8976831445231326,0.8848306350092338,0.8930223737087608,0.8724847801502703,0.8739673498481321,0.9298440825998562,0.8614074958046047,0.8776910154632862,0.9077547724055579,0.8856638454641161,0.9240428422818805,,Turkey,TUR
Turkmenistan,,,,,,,,,,,,,,,,,Turkmenistan,TKM
USA,0.9566257134391486,0.9544138517791556,0.9425899016449274,0.937832162316614,0.9227895062153681,0.9202513229449346,0.9046441008033731,0.911178773118238,0.9254574770575406,0.9356638092688936,0.9364904484280704,0.9258943424575437,0.9276482124272704,0.9368352838414556,0.9403426100852201,,United States,
Uganda,0.601979081573794,0.5244683592822753,0.6076608916840774,0.5359395328034143,0.5541587727337461,0.5911094275206003,0.5718551302287371,0.6266163795741208,0.6014135530789233,0.5775359031037013,0.6196701392300666,0.646255998978094,0.604638541529665,0.663993640373435,0.6665818422136676,,Uganda,UGA
Ukraine,1.3082454306041498,1.1688887903998657,1.150368469464599,1.3104083189038311,1.399301892667909,1.2520587148912752,1.2744421548187512,1.2032517693013205,1.1588285124049378,1.1586534915400444,1.1738129240661834,1.145551699901125,1.1308670272007422,1.1129367916149007,1.114876022949593,,Ukraine,UKR
United Arab Emirates,1.2410775885443803,0.9402345178490361,0.8567593542392056,0.7938868379100135,0.7413500991643693,0.6750779968946632,0.6941630728379373,0.6329356171166517,0.6117218496578136,0.8205830537535577,0.7925456649220937,0.7404249582417117,0.789252405149404,0.7676698826857625,0.7674918622921785,,United Arab Emirates,ARE
United Kingdom,0.8220803876499115,0.8268689649256726,0.8085924898555881,0.7973201247331133,0.7700106881444001,0.7757556282266473,0.7538633923741044,0.7301112850093936,0.7558344075774869,0.7421539346723351,0.7396616013545472,0.7344115647235961,0.7510773211701066,0.7648992902936842,0.7343110349932516,,United Kingdom,GBR
Uruguay,0.6377519315181346,0.6722920742779551,0.7447519736576622,0.7058234850188058,0.7359512688020723,0.6990194360252845,0.7427507582101265,0.6809100901522572,0.7483270385729239,0.7907368918637877,0.6174876440129203,0.6573916279921345,0.6331278912701996,0.5876649362097959,0.5992531708285184,,Uruguay,URY
Uzbekistan,,,,,,,,,,,,,,,,,Uzbekistan,UZB
Vanuatu,,,,,,,,,,,,,,,,,Vanuatu,VUT
Venezuela,1.5589416313551172,1.337055289027019,1.6460308530812247,1.3728653694324393,1.3389282877113535,1.3585007435483578,1.4323712047240311,1.2773270042769076,1.2551176264038735,1.0188811620943659,1.1338730955104137,1.113954895875143,1.0545534965840238,1.0535412299206013,1.0442801730888074,,"Venezuela, RB",
Viet Nam,1.0967450752535195,1.0996195301449545,1.091388697044161,0.9171002957269283,0.9321743277125886,0.9335738995944655,0.8994153803872141,0.8532306562682649,0.8591634511822592,0.8877900210353039,0.8924436635150211,0.9286021516429915,0.9152123011489024,0.7951556170721508,0.8498143036702551,,Vietnam,
World,,,,,,,,,,,,,,,,,World,WLD
Yemen,,,,,,,,,,,,,,,,,"Yemen, Rep.",
Zambia,0.44906405644388253,0.4692127991255834,0.478297172634207,0.5173155298964628,0.5491888507694714,0.5564816520210956,0.4348829434546986,0.3470106728162446,0.3097350278247347,0.40810431655566026,0.45919180664487363,0.3967458265255484,0.501733117202816,0.4494863443793897,0.45609518956771083,,Zambia,ZMB
Zimbabwe,1.1640017962009206,1.122184659205584,0.9534688132514368,1.042503367201341,0.9756079500935939,1.0430375867591308,0.9841121434183379,0.9029150841617822,0.8299436059331184,0.8266547194467201,0.9094238312282648,0.8999345658275807,0.8900694526001458,0.9600560128843081,1.0264371610079932,,Zimbabwe,ZWE
