wb_name,2000,2001,2002,2003,2004,2005,2006,2007,2008,2009,2010,2011,2012,2013,2014,2015
,-0.05803571428571408,-0.17535545023696686,0.38505747126436773,0.16182572614107893,-0.07500000000000007,0.3976833976833978,0.24309392265193353,0.37777777777777777,0.8548387096774193,0.6069565217391306,0.25,0.44632034632034645,0.669560011972463,0.039799211186805294,0.06697066945301389,0.014677815692549112
Albania,0.01228501228501222,0.066747572815534,0.16382252559726962,0.14467253176930606,-0.029888983774551736,0.021126760563380254,-0.08362068965517244,0.007525870178739513,0.11391223155929042,0.0008382229673091768,0.05025125628140703,0.1395534290271132,-0.10076976906927926,0.021789883268482635,-0.003732022684939329,0.012003278608264889
Algeria,-0.045459973727160485,-0.04136953167354773,0.07782659764214572,0.018485631256054402,-0.03285250059443612,0.19704978488014735,-0.055658246046416004,0.08235464694794836,0.007334226389819287,0.10093420658931485,-0.01857164426996838,0.016861538461538483,0.0726216412490921,0.03252651771609116,0.07258400607665894,0.042385604678254474
Andorra,0.021428571428571352,0.0,0.013986013986013734,0.006896551724137945,0.0547945205479452,0.01948051948051943,-0.05095541401273895,-0.01342281879194629,0.0,-0.04081632653061229,0.0,-0.049645390070921835,0.0,0.0,0.0071037601793932925,0.007375926154006285
Angola,0.04205046055266326,0.019984627209838512,0.3014318010550112,-0.28430804863925874,1.0732200647249193,0.019317073170731724,0.16232771822358338,0.12961133069828712,0.02216066481994461,0.08101554699757507,0.045520517218630374,0.044169611307420586,0.10079767947788221,-0.027997364953886605,-0.0005451407314449597,0.016048384010259875
,0.2142857142857144,0.5294117647058822,0.0,0.07692307692307687,0.17857142857142883,0.06060606060606055,0.1142857142857141,0.0512820512820511,0.0,-0.024390243902438935,0.02499999999999991,-0.04878048780487798,0.0,-0.0512820512820511,0.024332195362454012,0.022473020575586977
Antigua and Barbuda,-0.010526315789473717,0.0,0.05319148936170226,0.07070707070707072,0.04716981132075482,0.009009009009008917,0.03571428571428581,0.10344827586206917,0.0234375,0.06106870229007644,0.02877697841726623,-0.020979020979021046,0.021428571428571352,0.0,0.024332195362454012,0.022473020575586533
Argentina,-0.03298156325624335,-0.05920899873584262,-0.06735040859979169,0.08297559541311395,0.16678431798436133,0.028691099476439774,0.08220231632283759,-0.0014840516700805884,0.07952523497519404,-0.04836145045569129,0.04421713261064464,0.01976739647972514,0.0037888210643144404,-0.013210820290905034,0.006122731812125304,0.013803204223441723
Armenia,0.14963503649635013,0.022222222222222143,-0.14078674948240155,0.12650602409638556,0.06310160427807499,0.19416498993963782,0.006739679865206405,0.15564853556485359,0.09775524981897177,-0.21569920844327173,-0.03280067283431465,0.1660869565217391,0.15809097688292328,-0.0347714101738571,-0.0059887493844333894,0.023554537444049783
,0.32704402515723285,0.01579778830963674,0.0062208398133747345,0.018547140649149974,0.0015174506828528056,0.031818181818181746,0.0,0.0381791483113072,-0.032531824611032545,0.005847953216374213,-0.026162790697674465,-0.007462686567164201,-0.46616541353383467,-0.3267605633802817,0.024332195362454012,0.022473020575586755
Australia,0.017955415932855656,0.022201258055680517,0.011765745331966171,0.0179200924607692,0.03576334472216125,0.010646569184282084,0.014401555549579559,0.019641224368415422,0.013593658492165872,0.010416271045577075,-0.005502495249324779,-0.006143423852283614,0.006830026334106343,-0.02349270352077404,-0.009541084823341262,0.016826373688693552
Austria,0.009360468494134633,0.060727928862149394,0.025990526906463085,0.08176405308478762,0.00467860843409329,0.015301949190264175,-0.033340875679415016,-0.03466357953347088,-0.0027179219801458654,-0.08618676041410545,0.07164458832118137,-0.030395747665266537,-0.03737543427338563,0.003817837497612775,-0.05436600401516145,0.03548611564760451
Azerbaijan,0.032593353009110926,-0.02497825276500565,0.02931430028039772,0.033803863298662584,0.04814947897951849,0.070049137241458,0.14064502349423336,-0.22104671847205304,0.163701923076923,-0.10142532534600279,-0.03839080459770128,0.09024623475974192,0.06304133318715044,0.0024752475247524774,0.046797597553945414,0.028232237328584597
"Bahamas, The",-0.004376367614879695,-0.05934065934065935,0.004672897196261738,-0.037209302325581395,0.13526570048309172,0.010638297872340496,-0.04421052631578948,0.015418502202643403,-0.11496746203904562,0.09803921568627438,0.5000000000000002,-0.22619047619047616,0.005769230769230749,0.6214149139579348,0.023268749642987308,0.022433832007471732
Bahrain,0.03459503459503477,-0.25295043273013385,0.1271721958925751,0.04905395935529078,0.06323758628367848,0.09696335078534024,-0.01966399389079798,0.41752677702044805,0.10935568072537438,-0.07789473684210513,0.0671501477303249,0.007802668009061264,-0.009490509490509558,0.09871406959152784,-0.02435966109397847,0.06371020872082056
Bangladesh,0.10433013658820078,0.16460526315789492,0.038526720144616444,0.05831157528285469,0.05694901315789469,0.04707255397782517,0.10291658926249325,0.019875357924877823,0.11601981833195718,0.08605253422123549,0.11459326883771626,0.05965770171149165,0.06149053991693587,0.021791109661993158,0.04091818809496117,0.06609932061818746
Barbados,-0.018181818181818188,0.02777777777777768,0.006006006006006093,0.032835820895522394,0.02023121387283222,0.04532577903682733,0.013550135501354976,-0.005347593582887611,0.18817204301075252,-0.002262443438914019,-0.0861678004535148,0.03473945409429291,-0.0383693045563549,-0.014962593516209544,0.023820159685774334,0.020478678610928336
Belarus,-0.041432492484642536,-0.019089173711480778,-0.0067417292187935685,0.021482051640892896,0.08645019865735026,0.0173392181588905,0.04908583823985113,-0.024930584273645695,0.04265374129051813,-0.0387006798768087,0.032883999274617715,0.01591853455843628,-0.006797626591393602,0.008642190128182792,0.01054775121577367,-0.055725652508861634
Belgium,0.01696458329144379,-0.0052712528485470145,0.0029114681241206863,0.011973119814641997,0.00875516654112829,-0.027382258438032547,-0.022366265249669892,-0.03508992289262436,0.01978524499682588,-0.1086721727898684,0.0640630152465782,-0.08067663928724411,-0.038249472198245704,0.008056358588355517,-0.05326392034967986,0.03760970645732131
Belize,0.18947368421052624,-0.008849557522124019,-0.10714285714285698,0.04999999999999982,0.028571428571428692,0.04629629629629628,0.044247787610619316,0.05932203389830515,-0.16000000000000003,0.12380952380952381,0.2457627118644068,0.10884353741496611,-0.19631901840490795,0.07633587786259532,0.024754637916884592,0.02213891500548537
Benin,0.023474178403755985,0.1353211009174311,0.1454545454545455,0.1322751322751321,0.06542056074766367,-0.04532163742690065,0.6171516079632466,0.1609848484848484,-0.018760195758564358,0.05652535328345798,0.09205350118017308,0.04250720461095092,0.03870076019350388,0.05189620758483038,-0.00579368729329377,0.01987483865959372
Bermuda,-0.0078125,0.0,0.06299212598425208,-0.05185185185185193,-0.03125,-0.12903225806451601,0.3148148148148149,0.40140845070422504,-0.1105527638190954,-0.2994350282485876,0.25806451612903225,-0.3076923076923076,0.12037037037037024,-0.18181818181818177,0.024332195362454234,0.022473020575586533
Bhutan,0.028571428571428692,-0.0277777777777779,0.08571428571428585,-0.09649122807017552,-0.18446601941747565,0.2857142857142858,-0.009259259259259411,0.0,0.07476635514018692,-0.0782608695652175,0.2547169811320755,0.5037593984962405,0.11499999999999999,0.08071748878923768,0.047010791939406715,0.011375872181206503
,1.6533795493934145,0.01828870019595019,-0.035920461834509254,0.0006653359946773296,0.04920212765957466,-0.00887198986058313,0.04219948849104882,0.1257668711656441,-0.038147138964577665,0.02322946175637397,-0.3111849390919158,0.27572347266881025,0.21739130434782616,0.03529411764705892,0.024332195362453568,0.022473020575586977
Bosnia and Herzegovina,0.3286219081272084,-0.030851063829787306,0.07025246981339195,0.013076923076923208,0.07744874715261951,0.038054968287526636,0.08395564607377226,0.005010438413361129,0.14167012879102625,0.027292576419213788,0.027630180658873682,0.12271630472250927,-0.068160884249309,-0.015815485996705125,-0.05754532571836091,0.04997693757024613
Botswana,0.1960556844547563,0.018428709990300884,0.033333333333333215,-0.03778801843317969,0.018199233716474916,0.05079962370649116,0.009847806624887934,0.02304964539007104,0.06499133448873473,-0.12855980471928408,0.22128851540616257,-0.0825688073394496,0.010833333333333472,0.2192910140148392,0.14731635615176186,-0.008542961264546456
Brazil,0.024395272127542666,0.028811967532031524,-0.015312055119051426,-0.03203840635691402,0.05038366378966308,0.028070251611922892,0.001034715769913097,0.044710473578736254,0.06722935112923922,-0.05284368259734351,0.1432851920656797,0.04683404969074334,0.0696742858573467,0.07158794800979873,0.04712030659366606,-0.022987846314927785
,0.0,0.03571428571428581,0.06896551724137945,0.06451612903225823,0.030303030303030276,0.05882352941176472,0.08333333333333326,0.0512820512820511,0.07317073170731736,0.022727272727272485,0.04444444444444451,0.02127659574468077,0.0,0.0,0.02433219536245379,0.022473020575586977
Brunei Darussalam,0.2054409005628519,-0.043579766536964826,-0.028478437754271835,0.048576214405360085,0.08865814696485641,0.0014673514306675628,-0.028571428571428692,0.7307692307692308,0.0836601307189544,-0.13791716928025732,0.043376865671641784,0.1819400983459989,-0.004538577912254205,-0.19338905775075965,0.10339743309911631,0.06330154215459549
Bulgaria,-0.01866157734591012,0.08251758363098971,-0.057114500133621404,0.091876311322026,-0.022302406300828026,0.020949433158385933,0.025097575781195314,0.07294941624345563,-0.02763435113316115,-0.152645219665556,0.04802385456261016,0.112179402731313,-0.09221741233958569,-0.11583324443895904,0.061275602274640795,0.05753081813732419
Burkina Faso,0.11811023622047245,-0.04225352112676062,0.00735294117647034,0.07299270072992714,0.023809523809523725,0.019933554817275656,0.20846905537459293,0.21024258760107828,0.16481069042316254,0.007648183556405286,0.015180265654648917,0.12710280373831773,0.18905472636815945,0.16317991631799167,-0.005974180718316013,0.020497729983622648
Burundi,0.012820512820512775,-0.2911392405063292,0.03571428571428581,-0.2413793103448275,0.2272727272727273,-0.2222222222222222,0.2142857142857142,0.0,0.019607843137255054,0.0,0.1153846153846152,0.13793103448275867,0.16666666666666652,0.038961038961039085,0.02629146581094699,0.011702242762834159
Cambodia,0.042553191489361764,0.13914656771799616,-0.019543973941368087,0.07807308970099669,0.027734976887519247,0.1349325337331333,0.08058124174372527,0.15525672371638133,0.1248677248677248,0.1937911571025399,0.07722616233254542,0.038771031455742566,0.04788732394366213,0.02150537634408578,0.06118168477330621,0.010268765699356752
Canada,0.04018175694885362,-0.013408167273955551,0.009289704625198292,0.030611847138664716,-0.0032211756353389687,-0.010572886462701159,-0.009920260155094063,0.039342402532620335,-0.031199836430799377,-0.059945926467320554,0.022427488348651714,0.00567376818439036,0.00944345516951195,0.017163685485826363,0.0017549243178989204,-0.02973951620040083
Cabo Verde,0.0851063829787233,0.11764705882352944,0.1578947368421053,0.2727272727272727,0.0714285714285714,0.04444444444444451,0.0851063829787233,0.05882352941176494,-0.2222222222222222,0.0714285714285714,0.4555555555555557,0.10687022900763354,-0.06896551724137923,-0.10370370370370374,-0.006599293667649553,0.022656773735070246
,0.0847457627118644,0.0078125,0.03875968992248069,0.014925373134328401,-0.07352941176470595,0.039682539682539764,0.007633587786259444,0.20454545454545459,0.018867924528301883,-0.05555555555555558,0.006535947712418277,0.051948051948051965,-0.08641975308641969,-0.00675675675675691,0.024332195362454012,0.022473020575586977
Central African Republic,0.013888888888888618,-0.08219178082191769,0.0,-0.04477611940298509,0.0,0.0,0.0625,0.014705882352941124,0.0,0.0,0.04347826086956519,0.05555555555555536,0.05263157894736836,0.012499999999999956,-0.006599293667649664,0.022656773735070246
Chad,0.4545454545454546,-0.02083333333333337,-0.021276595744680882,1.2608695652173911,-0.009615384615384581,0.058252427184465994,0.01834862385321112,0.1351351351351351,0.10317460317460325,-0.03597122302158273,0.05223880597014907,0.042553191489361764,0.006802721088435604,0.12162162162162149,-0.006599293667649775,0.022656773735070468
Chile,-0.043703792034342936,-0.09308560384063858,0.03416746871992293,0.00797713222096652,0.07505111125766684,0.034169682841543425,0.048463637442163865,0.10528995756718507,0.0029688779688781253,-0.0702255792589569,0.08151278954879793,0.09678729127544039,0.0218417399352151,0.027126166108142336,-0.021517270776572506,-0.004557987051014067
China,0.017852154041095636,0.05318593592398857,0.0922788433602002,0.18098674328314868,0.16520025346471057,0.14428769959518828,0.10127854229435851,0.08705121629680468,0.02007692939658412,0.057658209985408826,0.06624730849323135,0.09177961419200553,0.022688150057664336,0.03358467730071513,0.0024901040413733977,-0.007366580217753604
Colombia,0.024982155603140654,-0.028488224867055045,-0.010882314609670152,0.031622636537321336,-0.04093492560189038,0.10667199360767099,0.0327316486161251,-0.008098345374038862,0.09063142437591765,0.06715855234812595,0.04819581125410033,0.004814636494944624,0.043699089602299734,0.12207327150858527,0.05493936325297821,0.04463431943923313
Comoros,0.09523809523809512,0.0,0.04347826086956519,0.08333333333333326,0.03846153846153855,0.03703703703703676,0.1071428571428572,0.0,0.032258064516129004,0.0,0.09375,0.17142857142857126,-0.024390243902438935,0.10000000000000009,-0.006599293667649664,0.022656773735070246
"Congo, Rep.",0.27678571428571463,-0.2692307692307694,-0.24880382775119614,0.5923566878980893,0.03600000000000003,0.03474903474903468,0.13805970149253732,0.08524590163934431,0.0785498489425982,0.30252100840336116,0.12903225806451601,0.15999999999999992,0.0673234811165846,0.041538461538461524,0.017156374815676,0.04600705761975443
,0.0,0.125,-0.11111111111111116,0.125,0.6666666666666665,0.13333333333333353,0.05882352941176472,0.0,0.05555555555555536,0.0,0.0,0.0,0.0,0.0,0.06741650995491488,0.010645860505258842
Costa Rica,-0.008632138114209709,0.05224380442062948,0.09802673456397204,0.04753623188405798,0.04593248478140555,-0.008994708994708778,0.033635878270154684,0.14411157024793386,0.0009029345372462139,-0.02796571944068571,-0.04222737819025513,0.022771317829457294,0.00331596399810552,-0.01935788479697842,0.025165755372922316,0.019313804392254053
Cote d'Ivoire,0.08367466354593311,0.1376889848812095,-0.05695301376364492,-0.2506290890790135,0.40362659503022136,0.021052631578947434,-0.10590440487347708,-0.03144654088050303,0.0,-0.16504329004329,0.08943616331821125,0.03807257584770962,0.3111747851002866,0.07124125874125875,0.04990115111212612,0.07857323655068416
Croatia,-0.021099069671994264,0.05831427099871678,0.051951057341750095,0.06010107697724609,-0.014985353790950784,0.01941345072035383,0.00993905493115732,0.0536391971936474,-0.049688356407199374,-0.07378118047229487,-0.035597693737517644,-0.026872953565145408,-0.08916366796232866,-0.022202441431798614,-0.040969385495547184,0.019868045494258135
Cuba,0.029675738274464347,-0.024181076901447995,0.02506843394323588,-0.023190442726633842,-0.01884892086330936,0.04003519577650683,0.05386350817822905,-0.022344126304522316,0.13617079512795938,-0.017947482534329207,0.2835765975714464,-0.0622073578595318,0.004687181577338384,0.08803245436105489,0.025414364676197954,0.020774605489298992
,1.653379549393414,0.018288700195950636,-0.035920461834509476,0.0006653359946773296,0.04920212765957466,-0.008871989860583018,0.0421994884910486,0.1257668711656439,-0.038147138964578,0.023229461756374192,-0.3111849390919159,0.2757234726688105,0.21739130434782594,-0.12834549878345491,0.024332195362454012,0.022473020575586533
Cyprus,0.03636438587547186,-0.019275791754621796,0.027278586430889984,0.05421933421199565,0.030075285601622648,0.019298919842404505,0.023899669081860475,0.03755542088852848,0.01910674977010718,-0.028771692305383234,-0.04385624040185354,-0.03851056387678975,-0.06959536355509344,-0.09933085209283954,0.06650379953405094,0.006547309417965774
Czech Republic,0.1060387739062092,-0.0010363001125124338,-0.032099350899552626,0.019292013718765322,-0.04329147389292798,0.02854451248233625,0.016639189106673946,0.009790083786299864,-0.05356133828996279,-0.07748868778280549,0.03644662442945701,-0.041869330879453215,-0.05491527749193936,-0.023518310165862144,-0.025360705944703188,0.00123792524629307
,0.07949767018979426,0.03679528346581029,-0.04148050365556444,0.021982096509348903,0.02270135793510919,0.044445570646665544,0.017565141443058874,-0.16479900815411752,0.10750785041393085,-0.006392411588823532,-0.05769430320639213,-0.2772822376390265,0.02034130732896533,0.01993578735160173,0.05712563560563355,0.024162967393952073
"Congo, Dem. Rep.",-0.41114058355437666,0.027027027027026973,0.10964912280701755,0.06324110671936745,0.2156133828996285,0.25076452599388377,0.0635696821515892,0.08505747126436769,0.05720338983050843,-0.060120240480961984,0.1577825159914712,0.23941068139963173,0.037147102526003284,0.08595988538681931,-0.006647748651178675,0.02158811819749329
Denmark,-0.07203948284298622,0.0277590999552757,-0.0065196987855071775,0.09188866717845356,-0.09033655756093695,-0.06409430529942584,0.15191062124674137,-0.07967522431289076,-0.06167245891900819,-0.047679838521105355,0.008905058585935155,-0.09936358741184492,-0.10395946681504498,0.04888142283092578,-0.09873781241134694,-0.07975697470238641
Djibouti,0.08139534883720945,0.07526881720430101,0.08999999999999986,0.05504587155963314,-0.034782608695652195,0.018018018018018056,-0.008849557522124019,0.12500000000000022,0.07936507936507953,-0.07352941176470595,0.11904761904761885,-0.0851063829787233,0.09302325581395343,0.17730496453900724,-0.005804198045041398,0.019911105557894437
Dominica,0.2727272727272725,0.0714285714285714,-0.06666666666666676,0.14285714285714302,-0.03125,0.032258064516129004,-0.03125,0.3548387096774195,-0.1428571428571428,0.0,0.05555555555555536,-0.07894736842105254,0.05714285714285716,-0.027027027027027084,0.024332195362454012,0.022473020575586755
Dominican Republic,0.066179375740814,0.0012970168612191912,0.07642487046632129,0.008595495960117105,-0.14896880859042105,0.01802523532946121,0.0613810741687979,0.07025023169601474,0.012296501558711315,-0.04071856287425146,0.052969502407704594,0.0199864498644986,0.030056459647957334,-0.029663066258261983,0.03710945409162858,0.014967402287436427
Ecuador,-0.03616513135448651,0.11575221238938038,0.07931472081218272,0.0808348030570254,0.07710089747076432,0.04191389976013138,-0.046407367018054035,0.10495552731893265,0.06209751609935621,0.06203984408834984,0.05851768783770006,0.04112491572763188,0.02099907493061992,0.07547340762888455,0.033056623625641546,-0.02089088569488262
"Egypt, Arab Rep.",0.1270653604328118,-0.11232485729112607,0.013884423138756485,0.16329354782909533,0.019925650557620633,0.10798464304806354,0.06805123031711924,0.05882836081394638,0.05020750106659433,0.04103037577324331,-0.019440551998155087,0.07127222734755145,-0.0004390334509717375,-0.018684010473857593,0.005794746467508549,0.02108368568257646
El Salvador,0.0077220077220074845,0.03575989782886335,0.015413070283600394,0.08500303582270807,-0.028539451594851717,0.01382488479262678,0.06079545454545454,0.019282271023031594,-0.06200735680504477,-0.015686274509803977,-0.014228799089356814,0.04676674364896094,0.08273579702151124,-0.11665817626082531,0.02166603785445753,0.02006279883025819
Equatorial Guinea,-0.03875968992248069,5.806451612903227,0.6090047393364928,0.20839469808541966,-0.13284582571602677,-0.09697821503865078,0.009338521400778177,0.008481110254433322,-0.061162079510703404,0.026058631921824116,0.012698412698412653,0.4467084639498431,-0.13867822318526535,-0.07169811320754726,0.07880874965760531,0.09736357875489077
Eritrea,-0.017751479289940697,0.036144578313252795,-0.0406976744186045,0.19999999999999996,0.06060606060606055,-0.004761904761904745,-0.26794258373205737,0.03267973856209161,-0.28481012658227844,0.23893805309734528,0.0,0.15714285714285703,0.11111111111111094,0.011111111111111072,-0.005330198731563041,0.01827635335177069
Estonia,-0.024300230752654195,0.023278795684371856,-0.030565450344750333,0.1206987913520483,0.013179892359667322,-0.042470669099493596,-0.0374266650487014,0.1931431291332164,-0.07950287309030457,-0.1802259701148501,0.26007016921687676,0.03454967307467438,-0.06207576847354501,0.1307008702950545,-0.03310031899461807,0.04940371968951518
Ethiopia,0.12427409988385607,0.22623966942148765,0.038753159224936606,0.10300081103000824,0.06176470588235272,-0.03324099722991691,0.07521489971346695,0.09260493004663561,0.09390243902439033,0.0078037904124861335,-0.006637168141592875,0.17316258351893077,0.10821072615092553,0.24197002141327628,0.021337373542325677,0.011530039444734852
,0.09302325581395365,0.1063829787234043,-0.038461538461538325,0.019999999999999796,0.02450980392156854,-0.05741626794258381,-0.060913705583756306,0.016216216216216273,-0.08510638297872353,-0.08720930232558133,0.09554140127388533,-0.09883720930232553,0.03870967741935494,0.006211180124223503,0.0071037601793932925,0.007375926154006063
,0.0,0.19999999999999996,0.0,0.08333333333333326,0.07692307692307687,0.0,0.14285714285714302,0.0,0.0,0.0,-0.0625,0.0,0.0,0.0,0.04883824041339557,0.015988670683163564
"Micronesia, Fed. Sts.",0.15625000000000022,0.29729729729729715,-0.16666666666666663,0.0,0.0,-0.17499999999999993,0.030303030303030276,0.1470588235294117,-0.15384615384615385,0.3939393939393938,-0.28260869565217384,0.06060606060606055,0.1142857142857141,0.025641025641025772,0.06741650995491444,0.010645860505259508
Fiji,0.07762557077625587,0.2881355932203391,-0.25,0.030701754385964897,0.3148936170212766,0.2038834951456312,-0.0026881720430108613,-0.11590296495956887,-0.5823170731707317,1.1240875912408765,0.49828178694158054,-0.004587155963302725,0.0023041474654377225,0.07126436781609202,0.06479893744451726,0.010294203089180387
Finland,-0.032265767129262546,0.09599733016639056,0.040098050541087726,0.11665179332024422,-0.05102930399196037,-0.17304830398394178,0.19836815854920076,-0.02448883441601979,-0.1212968444495951,-0.04834025511272766,0.1472517236411277,-0.11514179576491179,-0.09730160711500091,0.0167000628846119,-0.08173990545953747,-0.07721460165106497
France,-0.008344100235162077,0.0014136773229576072,-0.011062337009181467,0.021301119505637178,0.0021108014665431885,0.012196696868356005,-0.025683102931990276,-0.022411653754712435,-0.016201567426343377,-0.04534738594362808,0.025389069188018976,-0.06743239444993931,0.006570993175150974,-0.001709174675231906,-0.08106947560715183,0.013574166045200009
,-0.1205357142857143,-0.24365482233502533,-0.10067114093959717,0.29850746268656714,-0.04597701149425293,-0.030120481927710885,-0.13664596273291918,0.2589928057553956,0.022857142857142687,0.17877094972067065,-0.03791469194312802,0.019704433497536922,-0.048309178743961345,0.050761421319797106,0.02280408647495702,0.021093138409552736
,0.14814814814814814,0.19354838709677424,0.043243243243243246,0.08808290155440401,-0.00952380952380949,0.07692307692307687,0.0044642857142858094,-0.008888888888888946,0.03139013452914807,0.004347826086956497,0.01298701298701288,-0.02991452991452992,-0.022026431718061623,0.009009009009008917,0.06741650995491488,0.010645860505259064
Gabon,-0.023646071700991533,0.022656250000000044,-0.04736440030557676,0.015236567762630271,0.009478672985782088,0.04303599374021916,-0.14628657164291092,-0.013181019332161648,0.011576135351736294,0.039612676056338225,0.047417442845046676,-0.014551333872271588,0.024610336341263306,0.038430744595676414,0.01970990614611101,0.0364998623827304
"Gambia, The",0.0714285714285714,0.026666666666666616,0.11688311688311703,0.0,0.023255813953488413,0.0,0.045454545454545414,0.17391304347826098,0.03703703703703676,0.0625,0.0840336134453783,-0.07751937984496127,0.0840336134453783,0.03875968992248069,-0.00556549718427124,0.023740055063806276
Georgia,0.043881856540084474,-0.1689571544058206,-0.10116731517509725,0.11363636363636376,0.1457725947521864,0.17217981340118738,0.2134587554269174,0.04412641621943947,-0.19531696173615065,0.14478353442157577,-0.060756354618723085,0.23894389438943886,0.06872669152903566,0.020937188434696052,-0.013191275800471747,0.02389128521348094
Germany,0.004422946678294792,0.01818298843631161,-0.01800192521393973,0.001368253889892257,-0.015565657958848789,-0.022991456764507534,0.013241349628477339,-0.030349717722421232,0.002872983458759748,-0.07596946643533486,0.05561096303251056,-0.023767890435209105,0.005600935206512947,0.022957035402350723,-0.05131587627126977,0.006887808580274379
Ghana,-0.039753639417693165,0.10029154518950412,0.07260201377848441,0.028162055335968272,-0.03700144161460839,-0.048403193612774564,0.3382275825904564,0.050156739811912265,-0.07014925373134329,-0.1565008025682183,0.2916270218839201,-0.012523020257826811,0.20813129429317412,0.23093547391170133,-0.00022577389460798347,0.02627678680333001
,0.04597701149425282,0.03296703296703307,0.010638297872340496,0.021052631578947212,0.08247422680412386,0.03809523809523818,0.04587155963302747,-0.00877192982456143,0.0265486725663715,0.0862068965517242,0.007936507936507908,-0.023622047244094557,0.016129032258064502,0.06349206349206349,0.0071037601793932925,0.007375926154006285
Greece,0.051438025504028984,0.0231765742531147,-0.0033758703007934487,0.038791475295466116,0.004073191016833011,0.033300412135191415,-0.012736980604073023,0.02102216844533822,-0.03392510050468622,-0.0570127212695144,-0.06669920093211756,-0.030217305899447044,-0.03604956010630023,-0.08598719998047799,-0.039589033623753656,-0.04744471177066656
Greenland,-0.013605442176870763,0.01379310344827589,0.0,-0.013605442176870763,0.09655172413793123,0.04402515723270439,0.030120481927710774,0.01754385964912286,0.0344827586206895,-0.12777777777777777,0.15286624203821675,0.0662983425414363,-0.1968911917098446,0.0,0.02433219536245379,0.0224730205755872
Grenada,-0.01886792452830177,0.019230769230769162,0.05660377358490565,0.0535714285714286,-0.05084745762711873,0.0535714285714286,0.06779661016949157,0.031746031746031855,0.06153846153846154,0.0,0.02898550724637694,-0.028169014084507116,0.07246376811594213,0.12162162162162149,0.024332195362454012,0.022473020575586755
,0.03632478632478642,0.026804123711340333,0.0381526104417671,0.030947775628626495,-0.06191369606003738,0.05400000000000005,-0.009487666034155628,0.05938697318007646,0.027124773960217174,0.005281690140845008,0.003502626970227629,0.0139616055846421,0.0,0.005163511187607606,0.022623941920911772,0.02093019616128533
Guatemala,0.11047227926078018,0.07174556213017769,0.04416839199447886,-0.024124256444150505,0.07314595326786288,0.08172925213000948,0.006126021003500792,-0.0017396346767180049,-0.09468486784780716,0.036894449791466055,-0.01577970297029696,0.014775227915749811,0.011462205700123906,0.1356814701378255,0.03395216799986067,0.01696159193607416
Guinea,0.0057636887608070175,0.014326647564469663,0.019774011299435124,0.013850415512465464,0.0,-0.12021857923497259,0.0,0.024844720496894457,0.8090909090909089,0.031825795644891075,0.15259740259740262,0.06760563380281703,-0.07124010554089699,-0.10937500000000011,-0.006062509015256956,0.020802637546437186
Guinea-Bissau,-0.24528301886792447,0.02499999999999991,0.024390243902439268,0.26190476190476186,0.037735849056603765,0.05454545454545445,0.01724137931034475,0.06779661016949157,-0.015873015873015928,0.032258064516129004,0.015625,0.030769230769230882,0.029850746268656803,0.01449275362318847,-0.006599293667649664,0.022656773735070246
Guyana,-0.04148471615720517,-0.009111617312072884,-0.00919540229885063,-0.009280742459396585,0.03981264637002324,-0.11711711711711714,-0.1020408163265305,0.21022727272727249,-0.0023474178403756207,0.004705882352941337,0.0983606557377048,0.03624733475479758,0.11934156378600824,-0.02941176470588236,0.024332195362454012,0.022473020575586977
Haiti,0.02754820936639124,0.14745308310991945,0.16355140186915884,-0.050200803212851475,0.14587737843551807,0.04428044280442811,0.0176678445229681,0.13194444444444442,0.0030674846625766694,-0.05351681957186549,-0.06300484652665594,0.0431034482758621,0.044628099173553704,0.037974683544303556,0.02281143315230083,0.021099782322231198
Honduras,0.06109822119102848,0.13556851311953366,0.06611039794608464,0.11137868753762792,0.0882990249187432,0.025385764061722327,-0.0723300970873787,0.25274725274725274,-0.012113617376775188,-0.09217758985200863,0.013041453190498542,0.12275862068965493,0.003276003276003525,0.00897959183673458,0.03127794162808861,0.017955645868364956
"Hong Kong SAR, China",-0.05330929693535935,-0.06138919114980046,0.044246932663510874,0.09390322879082258,-0.03805818673883632,0.0518726921048005,-0.04137412236710125,0.039584968175080615,0.005871005619391134,-0.04152422246310361,-0.03305785123966931,0.07449392712550607,-0.007954450305618366,0.035617825793382796,-0.010735171391508258,0.06830852978952318
Hungary,-0.05286845089712566,0.028437062184371475,-0.01712632929438651,0.04745965634470184,-0.02485439794326727,0.0016244450904143726,-0.009576971176864513,-0.022303820997343293,-0.01872466328440836,-0.09933634853435969,0.009261986191398952,-0.035234440092076436,-0.06957869319271837,-0.060803207313756324,-0.008137086096967505,0.04754239603164656
Iceland,0.027695603576801453,-0.0068315079175106375,0.03158792427743373,-0.0011388717382551095,0.015864758743421303,-0.013998594463148217,0.05074938841887944,0.10125577842094491,0.10204652569409944,-0.01270420285118501,-0.0392796092590777,-0.02511695508429579,-0.0024226449200555056,0.0034097012090912315,-0.008961207169959295,0.03482898520232114
India,0.03624037002666203,0.00901243474336244,0.012587831293475515,0.04300536697518931,0.04976605983399085,0.05911952882275573,0.06638052046215326,0.07968733738928413,0.11421671555627322,0.10856182239461676,-0.010902004289935485,0.07389266553509422,0.09299527220089887,0.008049762830842688,0.06320549379083062,0.052156016366999625
Indonesia,0.08855753057235116,0.11953782974872929,0.04011340180547607,0.03278022188217289,0.06579465215881464,0.012902665247518375,0.009146276082434346,0.0881581044466877,0.10921571690817466,0.07165682192311418,-0.0395360490237151,0.3372960213471998,0.045624896074493826,-0.200445270832314,0.0839177023374722,0.0347416317705842
Iraq,0.0022321428571427937,0.17802186677465093,0.022472392901645488,0.04420911077492029,0.2520524790727623,-0.004917874706695469,-0.12995025518444348,-0.37070725821421946,0.4986430678466076,0.1223525706637274,0.07316730971588914,0.19371813308929275,0.14248555704624466,0.09672394372948001,0.017658988950301824,0.006639128742470968
Ireland,0.06669286840676159,0.05228747638096909,-0.03222205011705814,-0.008669945111597799,0.010714235222521795,0.04147920278717421,-0.011391294023783471,0.0018385861747731713,-0.006686997477815648,-0.10978603654561503,-0.010430664945936918,-0.08814320737657688,0.003600015453665062,-0.025825744944633966,-0.013235165338536414,0.018872150201720617
"Iran, Islamic Rep.",-0.026229005291817042,0.07028235016145556,0.008361311686519768,0.0414142888418596,0.0683315230720718,0.048620505882835285,0.08650846397435408,0.1007491418332025,0.03751985826267146,0.016301402664179898,0.023306569116780862,0.023048399214754767,0.039887946555482,-0.04175802896635794,0.03484615551787873,0.014942443800943783
Israel,0.08197260995522782,0.05537637680277485,-0.05950527590382282,0.05143768009318883,-0.06151603498542291,-0.03504193849021431,0.09690296825703437,0.009626672927917523,0.08232558139534896,-0.055597335625268585,0.06842614185768747,0.0036201022146507,0.09256312327604488,-0.05898917318056007,-0.03084751596881974,0.04233789494788498
Italy,0.01160060810504171,0.012789170571850361,0.005051284030041181,0.033983761195761186,0.0064354092949825414,-0.0037179231538323476,-0.008800307196239143,-0.017173155004235885,-0.021546017291960595,-0.10482794364273984,0.023869792268978784,-0.028866247409157886,-0.06520720571923277,-0.07005974371850254,-0.05313146515255651,0.054227868869412
Jamaica,0.03307607497243681,0.02988260405549603,-0.03523316062176163,0.04153240243465817,0.00034376074252318034,-0.016151202749140947,0.09500523925951798,-0.16044657097288684,0.05775075987841971,-0.24173850574712663,-0.06252960682141151,0.06417382516422432,-0.0512820512820511,0.05455455455455427,0.02676063795177841,0.020303591668996646
Japan,0.0169309258447079,-0.013272741709591585,0.02943780253772421,0.003933415679344243,-0.000813180200067265,0.005779990101698607,-0.0158973650586981,0.026938961515204918,-0.06390622434759907,-0.05896578238911088,0.04331994249976168,0.04030825472769828,0.027200593169323994,0.011821441225922769,-0.03508823398497651,-0.022253417911307638
Jordan,0.06443493581676307,0.03192244029321345,0.055224564619615224,0.03452768729641664,0.10138539042821182,0.09453020773775456,0.002960125370015776,0.04322916666666665,-0.031119986686636625,0.0254208175884576,-0.03249581239530985,0.023026315789473673,0.14723303435437463,-0.0020652013571320627,0.02868475806123283,0.004614324467532738
Kazakhstan,0.20733712338838428,-0.05241236584287379,0.13497936589132342,0.10874431139671836,0.04831824249936045,0.0725761291848468,0.11634878302392204,0.029132624148010544,-0.003641850863610352,-0.021104391967631697,0.12071128594110525,-0.03842823585252697,0.01338652804167606,0.032067073439148164,0.04193032145858622,-0.0349863138958979
Kenya,0.024152847873107675,-0.10066877859908485,-0.14951076320939338,-0.1523239760699494,0.1286644951140068,0.12313612313612299,0.11820128479657388,0.02680965147453085,0.04177545691906004,0.20587182241317592,-0.014251781472684133,0.10542168674698793,-0.07002724795640314,0.06270143568707875,0.022052199324005928,0.012304106600488529
Kiribati,0.125,-0.22222222222222243,0.5714285714285718,0.0,0.09090909090909083,0.41666666666666674,0.11764705882352922,-0.26315789473684215,0.0714285714285714,-0.2666666666666666,0.5454545454545454,0.0,0.0,0.0,0.06741650995491466,0.010645860505259064
Kuwait,-0.008552810209068618,0.07620156100232789,0.01017876455245248,0.02909503117324741,0.06027782877424892,0.12611104698141506,0.03105940238839633,0.019883680469254816,0.09962470146707614,0.05527237267851626,0.026587701612903025,0.015670389918579497,0.1111424427972929,-0.0315049124460719,0.00025923806657113246,0.03775591441183801
Kyrgyz Republic,-0.00784929356357933,-0.15981012658227844,0.2730696798493406,0.09689349112426049,0.08024275118004032,-0.08239700374531833,-0.014965986394557707,0.06837016574585619,0.35035552682611515,-0.11345141215892773,-0.059935205183585305,0.19931074095347512,0.32183908045976994,-0.02753623188405796,-0.024434877953215528,0.027137125927327643
Lao PDR,0.011857707509881354,-0.07031250000000011,0.31932773109243695,-0.04458598726114649,0.26666666666666683,0.007894736842105177,0.10443864229765021,-0.4137115839243498,0.040322580645161255,0.3294573643410852,0.30320699708454835,-0.008948545861297674,0.3295711060948081,0.00679117147707986,0.04138089496876152,0.014565059852117201
Latvia,-0.08215166808074215,0.05871295496367579,0.0038539841605957914,0.02619746611869167,0.001361937027380744,0.009774140722515368,0.06376114728769111,0.038887029489652614,-0.04958666819072355,-0.09101961309716466,0.1457161376725422,-0.08708477085013322,-0.03657954554062526,-0.022489327235132084,-0.02632044834671765,0.015842208941245994
Lebanon,-0.07538358905937281,0.06060606060606055,-0.0104308390022676,0.13611365719523372,-0.07603872529245659,-0.03514516481117669,-0.10791855203619904,-0.0674613238650773,0.27794397606744625,0.21174718025111727,-0.03951527924130671,0.019747668678003594,0.10704679935449146,-0.0025915127955944417,0.028024564871564017,5.719092012768101e-05
,,,,,,,0.018087855297157507,0.020304568527918843,0.4129353233830846,0.014084507042253502,0.0694444444444442,-0.025974025974025983,0.010000000000000009,0.03300330033003296,0.24933818213136338,-0.024029657299046603
Liberia,0.07407407407407396,0.16379310344827602,-0.007407407407407418,0.0671641791044777,0.1748251748251748,0.1845238095238093,0.025125628140703515,-0.1029411764705882,-0.1584699453551912,-0.0844155844155845,0.5390070921985817,0.12442396313364057,0.1516393442622952,-0.07117437722419939,-0.00596717741595898,0.020473557038621637
Libya,0.05588428665351741,0.02093711083437122,-0.005565296942898534,0.02790555044464882,0.024239260143197994,0.03473385276341667,0.022308233638282715,-0.062160115646726743,0.11009982384028194,0.057722824649563576,0.045821091454647744,-0.3579199043634189,0.3301992180227147,-0.025894044369795033,0.018204118587380913,0.04392089009382083
,-0.04282813586355727,-0.009989116667864395,0.024987235679349684,0.04236776077873605,0.00013280008855742764,-0.0014217311744104677,0.009813416777395778,-0.1310334327558842,0.0934640527463293,-0.064216847469595,-0.0707378936428733,-0.07306801369256388,0.04824939675770468,0.03895862579324749,-0.16240735232505288,0.013467030366759225
Lithuania,-0.12070987952767176,0.05982069786630029,0.008511242206182601,-0.000728277929764154,0.046032859878370136,0.05774459222878958,0.02553605302944839,0.09236108794857545,-0.04229508414528027,-0.14944173058878107,0.07007026143894901,0.022035741129726727,0.004059749448901195,-0.07067396814934113,-0.01963522101789761,0.004108213798715399
Luxembourg,0.10134813833299261,0.05810162563482746,0.08114956644439908,0.03727017912799657,0.13637583912530227,0.02171706052839184,-0.011369492538357284,-0.049707175887056754,-0.013712094564914845,-0.0460334139505334,0.051596216138934725,-0.010131828189977266,-0.026616100810205823,-0.05302555703594125,-0.046127065611135665,0.013434486126621348
"Macao SAR, China",0.06698564593301448,0.03139013452914807,-0.09565217391304359,0.007211538461538547,0.12410501193317414,0.06369426751592355,-0.11177644710578838,-0.05393258426966285,0.48456057007125874,0.1552,-0.2506925207756232,0.18853974121996298,-0.03576982892690517,-0.04677419354838719,0.06920839006601764,0.013090363806544936
"Macedonia, FYR",0.029089771660932184,-0.00547112462006083,-0.0886308068459658,0.03420523138832987,-0.010376134889753419,0.007863695937090354,-0.030234070221066278,-0.13208179684880994,-0.009656237929702716,-0.07488299531981268,-0.010961214165261302,0.0912190963341859,-0.04531250000000009,-0.07446808510638292,-0.042905720798021574,0.03969734746257658
Madagascar,-0.02294455066921608,-0.07045009784735823,-0.29052631578947363,0.376854599406528,0.0625,-0.0365111561866126,-0.03368421052631587,0.07843137254901977,0.04040404040404044,-0.062135922330097126,0.10559006211180133,0.18164794007490626,0.15213946117274157,0.1540577716643743,0.12670499040713223,-0.0049219400430898785
Malawi,-0.06870229007633588,-0.004098360655737654,-0.00823045267489697,0.08298755186721984,0.019157088122605304,-0.06015037593984962,0.040000000000000036,-0.015384615384615441,0.16796875,-0.08361204013377932,0.18613138686131414,-0.003076923076923088,-0.04938271604938271,0.12662337662337664,0.05354290572665166,0.0076443826335430565
Malaysia,0.16491132703676037,0.07862809146056926,-0.013843824356478462,0.18329129194998894,0.03519707115879234,0.06506849315068486,-0.03887943172981956,0.10204884875254194,0.10396825396825404,-0.02562904385334297,0.09895967831187513,0.008828614108998156,-0.007703186091007397,0.08140236745917306,0.010990482099640042,0.04110949933714725
Maldives,0.06956521739130439,0.024390243902438824,0.2857142857142858,-0.14814814814814814,0.3188405797101448,-0.098901098901099,0.2621951219512195,0.02898550724637694,0.07981220657277,0.047826086956521685,0.016597510373443924,0.061224489795918435,0.13076923076923075,-0.027210884353741305,0.06741650995491466,0.010645860505259286
Mali,0.032258064516129004,0.008928571428571619,0.022123893805309658,-0.0043290043290042934,0.03913043478260869,0.025104602510460206,0.04897959183673484,0.07003891050583655,0.06181818181818177,-0.2465753424657534,0.19545454545454555,0.08365019011406849,-0.0491228070175439,0.03321033210332103,-0.006599293667649664,0.022656773735070246
Malta,-0.0017662415774943874,0.056464053226041644,-0.0338711259528911,0.08194184470547317,-0.023025656603211653,0.05051093686784758,0.014618712878097462,0.01992856422874989,-0.0032617459826278505,-0.04885366093229848,0.0022338218017010636,0.035449876939591896,0.02970015492422373,-0.1368467131479687,0.0030137855579333017,0.007398647965878524
Marshall Islands,0.16666666666666652,0.04761904761904767,0.045454545454545414,0.0,0.04347826086956519,-0.04166666666666674,0.0869565217391306,0.08000000000000007,0.0,0.03703703703703676,0.0,0.0,0.0,0.0,0.06741650995491488,0.010645860505259064
,0.017605633802816767,-0.0034602076124565784,-0.02083333333333337,0.09751773049645385,0.0549273021001615,0.03522205206738116,-0.04585798816568032,-0.09147286821705436,-0.027303754266211455,0.06842105263157872,-0.0016420361247947435,0.07894736842105243,-0.0015243902439022738,0.007633587786259444,0.023594856109046214,0.021807717678216543
Mauritania,0.022364217252396124,0.08437500000000009,0.060518731988472574,0.029891304347826164,0.10554089709762526,0.03341288782816232,0.01385681293302543,0.14578587699316636,0.0497017892644136,0.09659090909090895,0.05354058721934374,0.07049180327868854,0.10872894333843797,-0.002762430939226679,-0.005794947625055058,0.019879187339842508
Mauritius,0.10876132930513593,0.0640326975476837,0.00768245838668391,0.06099110546378639,0.009580838323353325,0.06642941874258601,0.10122358175750823,0.016161616161616266,0.021868787276341894,-0.01945525291828798,0.059523809523809534,0.000936329588014928,0.038353601496726064,-0.08468468468468471,0.15618543847590205,-0.009629962123666402
Mexico,-0.00025877436791954533,0.034320445590589665,-0.009546672104253418,0.035878384069024216,0.014408961561046318,0.05748508326654189,0.022628321192471157,0.030486198036761225,0.03405149679543529,-0.05038834576297391,-0.012028484231943026,0.04855968434145819,0.030213996166294832,0.01605179276792379,-0.015568848771064903,-0.01788586400012393
Mongolia,-0.00631067961165066,0.05031753786028337,0.051162790697674376,-0.03053097345132738,0.0643541761752624,0.0012864493996569415,0.0972162740899356,0.28415300546448097,-0.0021276595744681437,0.08833384099908614,0.8821718443884692,0.11851301115241641,0.18651954267482052,0.27081232492997187,0.061475935068364684,0.02527415372931574
Montenegro,0.11077014452583644,0.07450316371089927,0.069088496309198,0.06927851047323497,0.09265036639338331,0.08957503320053095,-0.06283137302699737,-0.055384615384615477,0.22149837133550498,-0.33599999999999997,0.4136546184738956,-0.0042613636363636465,-0.09129814550641946,-0.03767660910518056,-0.044550899796322874,0.04206978426348851
,-0.1250000000000001,0.0,0.4285714285714288,0.0,0.0,0.0,0.0,0.10000000000000009,0.18181818181818166,0.0,0.3846153846153848,-0.38888888888888895,0.09090909090909083,0.16666666666666652,0.024332195362454012,0.022473020575586755
Morocco,0.02267448291118246,0.11237291801860261,0.014292659212445269,-0.018117331288343586,0.15308015229913097,0.056811446956227085,0.03613203012337762,0.059924224851156005,0.05237817332944261,-0.007902398447247938,0.06623812185578548,0.03086500655308,0.08734346195410336,-0.06641332943583755,0.07027929053087845,0.010321880564037489
Mozambique,0.1358024691358024,0.17119565217391308,0.004640371229698292,0.20785219399538102,0.0019120458891013214,-0.0515267175572518,0.08651911468812878,0.1425925925925926,0.0016207455429497752,0.11650485436893221,0.0811594202898549,0.17828418230563003,-0.03185437997724694,0.2878965922444181,0.009129647053926382,0.030938961741940663
Myanmar,0.12469337694194627,-0.13522355507088346,0.05548549810844894,0.06929510155316598,0.2629422718808194,-0.06723680330286042,0.10780904204868769,0.0019977168949774082,-0.23867843919111364,0.04377104377104368,0.22329749103942653,0.14239671842953383,-0.09540907925108999,-0.025517436915225233,0.08370547613449797,0.03705787384492898
Namibia,-0.013215859030836996,0.22767857142857162,-0.12727272727272743,0.06458333333333344,0.046966731898238745,0.17757009345794383,0.007936507936507908,0.014173228346456623,0.40993788819875765,-0.07819383259911883,0.009557945041815952,-0.08875739644970404,0.19480519480519476,-0.12608695652173907,0.007221744671351615,0.017160253922365643
,-0.08000000000000007,-0.04347826086956508,-0.045454545454545525,-0.1428571428571428,0.0,-0.05555555555555558,-0.2941176470588236,0.0,0.0,-0.08333333333333326,0.09090909090909083,-0.08333333333333326,0.0,0.09090909090909083,0.06741650995491488,0.010645860505259064
Nepal,-0.046697038724373474,0.06451612903225779,-0.19640852974186307,0.08240223463687157,-0.0606451612903226,0.1552197802197801,-0.16884661117716993,0.020028612303290227,0.30855539971949497,0.26688102893890675,0.16666666666666674,0.09427121102247993,0.05632869449966882,0.11229611041405252,0.05149697415223953,0.010926207710661773
Netherlands,0.004857278867999915,0.028929412980798208,-0.0032479069579179898,0.019298662879834172,0.009331115540112123,-0.022064810849060867,-0.02685348492542794,0.002347171539789583,0.01730006514617366,-0.03052805180770013,0.06869961593070895,-0.06978395478185162,-0.024306854550024237,-0.0011416977276395013,-0.046449684811439185,0.028921318650422245
,0.0855614973262031,-0.154351395730706,0.27378640776699004,0.13871951219512213,-0.07630522088353409,0.1159420289855071,-0.036363636363636376,0.08221024258760101,-0.026151930261519185,0.037084398976982014,0.19112207151664617,0.03002070393374745,-0.005025125628140725,0.06363636363636349,0.06335124130428649,0.015859130533178112
New Zealand,0.026417727231267785,0.06878998323967145,0.005394624771660972,0.04972615596457319,-0.01187784327783803,0.04386051842355654,-0.0033557740592464746,-0.02312777044306491,0.027902919922676128,-0.07611736849616602,0.006057485216886871,-0.018581094474478754,0.036501835124229665,-0.014787313520500334,0.014894121349064982,-0.001295229271985443
Nicaragua,0.037411526794742134,0.0536062378167641,0.018501387604070274,0.0926430517711172,0.0033250207813799726,-0.02402651201325612,0.03395585738539908,0.031198686371100237,-0.039808917197452276,0.016583747927031434,0.00897226753670477,0.07599029911075172,-0.042073628850488376,-0.02274509803921565,0.022477011927916957,0.02079725424743528
Niger,-0.2692307692307693,-0.05789473684210533,0.06703910614525155,0.08376963350785327,0.07246376811594213,-0.1216216216216216,-0.030769230769230993,0.042328042328042326,0.12182741116751283,0.1945701357466063,0.21212121212121215,0.1312500000000001,0.40607734806629825,0.05108055009823187,0.05657211373481141,0.008572037736150673
Nigeria,0.768222768222768,0.05266327003242233,0.17727812733752812,-0.050792345642099,0.04197346143245273,0.07882704152968278,-0.055378472100598874,-0.03878671017502244,0.011496026541162108,-0.201906941266209,0.19913026856542126,0.04431514765073907,0.03686319404693772,-0.04000588863126131,0.03521495936869634,0.05456758291757002
,0.0,0.0,0.5,0.0,0.0,0.0,0.0,0.0,0.0,0.0,0.0,0.0,0.0,0.0,0.06741650995491488,0.010645860505259064
Norway,-0.011645079750459364,0.03165715123832724,-0.02008929806606985,0.0293245500490531,0.009413246965946032,-0.01741408021584423,0.008393520892141737,0.04392950138414364,-0.020739047690379597,-0.03744622365724293,0.06067563918589158,-0.01935383411438829,-0.008741904337209672,-0.0054909480785411136,-0.009927975853072812,0.002382920604288463
,0.22033898305084776,0.7037037037037035,-0.1440217391304348,0.107936507936508,0.4584527220630372,0.4695481335952849,-0.1737967914438503,0.025889967637540368,-0.11671924290220814,0.017857142857142794,-0.02631578947368418,0.10450450450450433,-0.021207177814029365,0.10833333333333339,0.027602943832347293,0.0009221763411224604
Oman,0.057375597662475686,-0.07352202311170664,0.2556037599421548,0.2716671465591707,-0.1359673949960375,0.06813417190775684,0.324828263002944,0.10333333333333306,-0.0226586102719033,0.032457496136012454,0.14246506986027963,0.11596418431972055,0.053163731245922996,0.03344688758129455,-0.020517131374690467,0.05658726477667875
Pakistan,0.06042009132420101,0.017224155155189713,0.05357445223339763,0.04217157918421144,0.10686858094562512,0.03825791350869334,0.06908027159764907,0.08776201832559316,0.0011077519558744253,-0.0014753682657506761,0.016114509984993752,0.003794333492377122,0.006496152105024855,-0.059437335552207315,0.059170538354334834,0.05539496089051377
Palau,0.0,0.5806451612903227,0.0,0.04081632653061207,0.0,0.019607843137255054,0.05769230769230771,0.036363636363636376,0.0,0.0,0.0350877192982455,0.033898305084745894,0.0,0.0,0.06741650995491466,0.010645860505259286
Panama,0.021345407503233993,0.21025965801139956,-0.1622187336473051,0.048094940662086305,-0.05661501787842671,0.17814276689829422,0.07774798927613924,-0.023383084577114244,0.024452368823229875,0.16608652411735458,0.06567164179104479,0.10204081632653028,-0.001452432824981642,0.02763636363636368,0.037208965329125876,0.016315553069081057
Papua New Guinea,0.08995502248875553,0.203576341127923,0.08685714285714274,0.13144058885383791,0.1375464684014871,-0.022875816993464082,-0.01755852842809358,0.4204255319148935,-0.21629718394248054,0.06192660550458706,-0.08423326133909281,0.12106918238993702,-0.04768583450210373,0.2194403534609719,0.06980619598790505,0.013904075765709623
Paraguay,-0.1807817589576547,0.035785288270377746,0.020153550863723613,0.04421448730009425,0.0045045045045044585,-0.06278026905829603,0.040191387559808556,0.03771849126034943,0.07624113475177308,0.014827018121911006,0.12824675324675328,0.04388489208633084,-0.021364576154376258,-0.04507042253521132,0.022753114837457122,0.021047039962189373
Peru,0.031976017986510064,-0.10336480271120807,0.0008099352051837982,-0.029673590504451286,0.20906310814567708,0.16429064152678774,-0.06082749086600192,0.2316265376931974,-0.045159638039952155,0.26061689763075546,0.11390070921985807,-0.13822742900802243,0.09848540820096052,0.0482916330373957,0.019440787043758956,0.03675237517771168
Philippines,0.0599681866383881,-0.03076384372967844,0.004025598678778053,0.002724375449778993,0.035423181422053585,0.010347559164273656,-0.095408438280982,0.06614301191765959,0.09267821757024541,-0.016368286445012648,0.0947856096062023,0.007815873564210873,0.06701229701358247,0.07577400313215277,0.06150920059729614,0.08721404206363492
Bolivia,-0.09067188519243319,-0.03909612625538017,-0.026129152668906364,0.47681103871215025,-0.07396833636127698,-0.0686659192825112,0.23563045440866692,-0.1809547004383828,0.0734463276836157,0.056786703601108046,0.08676277850589775,0.06198745779064163,0.16397910515557568,0.048390243902438845,0.03328155076580619,0.012481899553489662
Poland,-0.03115084480078134,-0.01205285364519637,-0.02454515460028217,0.04127823421441135,0.01264490278772934,-0.0027965738976478693,0.04059713597924741,-0.0006908399574294677,-0.02060837641133262,-0.04068828451450501,0.05725234311941607,-0.0009355674864003349,-0.021323251628159734,-0.012729124839260475,-0.037629235941424755,0.01778048674907229
Portugal,-0.017401408729072143,-0.0038690840502243473,0.05707421471684526,-0.07503317576627588,0.04177359199295583,0.03757362390790564,-0.06669593523079176,-0.04128646948946557,-0.033875723801314095,-0.04699964431410952,-0.08080338920585783,-0.026289389152522324,-0.03256606498663717,-0.03859913496846612,-0.005631378416118382,0.07413073839364026
Qatar,0.10577933450087573,0.1919543870763385,-0.011869961909823923,0.015060510981622643,0.034266537136800945,0.18657672273930492,0.24568221070811735,-0.0031195840554592014,0.024745016226240146,0.06752247921732724,0.04905440483127621,0.10766045548654235,0.17018463642580373,-0.09669627551815496,-0.04807313766574417,0.12292140374169214
Cameroon,0.11428571428571432,-0.0032051282051281937,-0.00107181136120027,0.11051502145922742,0.04251207729468609,-0.06580166821130673,0.044642857142856984,0.5109211775878444,-0.04965430546825911,0.21296296296296324,0.008178844056706547,-0.14926987560843685,0.062301335028607685,0.11190903650508677,0.011894910839087558,0.03871724080709793
"Korea, Rep.",0.11928212464693155,0.005882786703918841,0.03429204440860478,0.0012521755565879644,0.03445075429847888,-0.04013138885931966,0.016706273764258484,0.05315974413513169,0.02403604296747841,0.002506845059637053,0.11369335869941222,0.040027176550518906,-0.00902750558386367,0.014414866901054646,-0.0013087314057187438,0.0015579756188237592
,-0.21986970684039087,0.05741127348643005,0.07305034550839107,0.07635694572217111,0.06153846153846154,0.07487922705313999,0.020224719101123556,-0.06314243759177673,0.021159874608150497,-0.047582501918649434,0.08380338436744572,0.021561338289962872,-0.022561863173216845,0.010424422933730249,-0.008326684963243625,0.019383651218572107
,0.08639308855291583,0.15109343936381703,0.2746113989637309,0.11743450767841002,0.26354082457558614,-0.04190658989123497,0.09382303839732886,0.17582417582417587,0.05581516095534789,0.04352102286697823,0.024269557021677546,-0.017713365539452464,0.021311475409836023,0.0881542699724518,-0.006599293667649664,0.022656773735070246
Sudan,0.08639308855291583,0.15109343936381725,0.27461139896373066,0.11743450767841024,0.2635408245755857,-0.04190658989123475,0.09382303839732886,0.17582417582417587,0.05581516095534789,0.04352102286697801,0.024269557021677768,-0.017713365539452686,0.021311475409836023,0.05352676338169071,-0.00585350454471445,0.020081245757839872
,0.2892561983471076,0.06282051282051282,-0.007237635705669487,-0.013365735115431376,0.009852216748768461,0.14634146341463405,0.051063829787234116,0.0657894736842104,0.021842355175688333,0.039962825278810454,0.01608579088471851,0.02462620932277937,-0.0051502145922747156,0.015530629853321765,0.15455922201500516,-0.010192628739076892
Romania,0.048608561248764115,0.057518198644179064,0.002519572096439271,0.04885524125328877,-0.010628792486307548,-0.022161511204476736,0.03724102419661013,-0.016005328347391767,-0.032389296266367884,-0.15549847657938376,-0.054350205417337816,0.062237173894736264,-0.019668667848148913,-0.11735030174905225,-0.00019065025366604704,0.02323821902654566
Russian Federation,-0.0056008526614079734,0.025466268903291844,-0.007319296465585712,0.02436882666791007,0.004255871903338093,0.011904894899506857,0.03723526144618239,-9.345484212919253e-05,0.019271404479981102,-0.06428723494886934,0.054477053626973415,0.03286883937906837,0.005970326420301708,-0.0352108462089149,0.002942946921488776,-0.03267252704774504
Rwanda,0.03597122302158273,0.006944444444444198,0.0,-0.020689655172413612,0.014084507042253502,0.0,0.0,0.05555555555555536,-0.02631578947368407,0.060810810810810745,0.02547770700636942,0.12422360248447206,0.11049723756906071,0.08457711442786064,-0.010732369791434992,0.021185966319522187
,0.0,0.0,0.0,0.0,0.0,0.0,0.0,0.0,0.0,0.0,0.0,0.0,0.0,0.0,-0.006599293667649331,0.022656773735070246
,0.0344827586206895,0.10000000000000009,-0.101010101010101,0.101123595505618,-0.010204081632653184,0.030927835051546504,0.0,0.04999999999999982,0.028571428571428692,-0.0277777777777779,0.04761904761904767,0.009090909090909038,0.0,0.0,0.024332195362454012,0.022473020575586533
,1.653379549393414,0.018288700195950414,-0.035920461834509254,0.0006653359946771076,0.04920212765957466,-0.008871989860582907,0.0421994884910486,0.12576687116564433,-0.03814713896457789,0.023229461756373748,-0.3111849390919159,0.2757234726688107,0.21739130434782616,0.02463054187192104,0.024332195362454012,0.022473020575586755
,0.0,0.026315789473684292,0.0,0.0512820512820511,0.07317073170731736,0.045454545454545414,0.04347826086956519,0.0625,0.019607843137255054,0.03846153846153855,0.03703703703703676,0.14285714285714302,0.078125,-0.05797101449275366,0.06741650995491466,0.010645860505259064
Sao Tome and Principe,0.0,0.07692307692307687,0.14285714285714302,0.125,0.11111111111111094,0.050000000000000044,0.09523809523809512,0.0,0.0,0.0869565217391306,0.08000000000000007,0.03703703703703676,0.1071428571428572,0.0,-0.006599293667649664,0.022656773735070468
Saudi Arabia,0.3112086275017816,0.0009385612843466618,0.09822210706838908,0.0026513279108433263,0.20949489064180726,0.004567140673491066,0.08826241723381112,-0.10389885517206321,0.10933540114233842,0.08971102207825421,0.1104713925872618,-0.03808222266054273,0.1303478579274988,-0.04340812055795629,0.06281528967141314,0.044461228073158
Senegal,0.06442021803766118,0.09962756052141519,0.041490262489415786,0.10325203252032522,0.05158437730287391,0.1107217939733709,-0.18611987381703465,0.09534883720930232,-0.01698513800424628,-0.10007199424046076,0.6896,0.08049242424242431,-0.054338299737072826,0.06441149212233532,0.031572293576835664,0.00926195236722771
Serbia,0.11077014452583622,0.07450316371089905,0.069088496309198,0.06927851047323497,0.09265036639338331,0.08957503320053117,-0.06283137302699737,-0.028720803910918025,-0.006780845858091578,-0.11359797297297292,-0.00555820231856452,0.07114340466304703,-0.10428624673872533,0.018308921438082715,-0.05200468829036453,0.04691006565521483
Seychelles,0.1223021582733812,0.10897435897435881,-0.1502890173410405,0.020408163265306145,0.3400000000000001,-0.06467661691542292,0.06382978723404253,-0.125,0.07999999999999985,0.06878306878306883,-0.06930693069306926,-0.13297872340425532,0.17791411042944794,-0.08333333333333326,-0.006599293667649664,0.022656773735070246
Sierra Leone,0.15999999999999992,0.3362068965517242,0.07096774193548394,0.07228915662650603,-0.016853932584269704,-0.1485714285714287,0.34228187919463093,-0.125,0.03428571428571425,-0.016574585635359074,0.11235955056179758,0.23737373737373724,0.1469387755102043,0.15658362989323837,-0.005726156351622214,0.019641844329882252
Singapore,-0.021239197304819157,0.010924872792577034,-0.04663212435233155,-0.3408385093167702,-0.08539458186101279,0.06619446233097204,0.01449450416717002,-0.35301821645433984,0.8133971291866027,0.024457073269738228,0.18712233779098564,-0.12783711615487325,0.4252774588595485,-0.07451164664026311,0.04283167416766931,0.045109818388049394
Slovak Republic,-0.046925459742389375,0.05620413697884308,-0.04312496728894233,0.011228115662287097,0.012277743321734702,9.544157018770427e-05,-0.00611864174767951,-0.03769296742941031,0.01254807705527905,-0.09222186280267863,0.02544541114967047,-0.013158186160402874,-0.053139164093733315,-0.013180070771183106,-0.056723191303181264,0.02277441747578446
Slovenia,0.0069746783952508995,0.05980548171109268,0.008639528685715936,-0.014336338560125839,0.02147319762341482,0.017978850034625182,0.011304407786031367,0.008323341996953726,0.05484775637413719,-0.10381712869246529,0.0021569687550579975,-0.000928329956896734,-0.03352360265011145,-0.04123127439619201,-0.109497354136323,0.028447601545771306
Solomon Islands,0.0,0.050000000000000044,0.0,0.04761904761904767,0.0,0.0,0.0,0.09090909090909083,0.04166666666666674,0.040000000000000036,0.019230769230769162,0.018867924528302105,0.0,0.0,0.06741650995491444,0.010645860505259064
,,-0.028368794326241176,0.16788321167883224,0.012499999999999956,0.0,0.0,0.0,0.024691358024691468,-0.012048192771084487,-0.0060975609756095395,0.024539877300613355,-0.059880239520958,0.10828025477707026,-0.02298850574712641,-0.006599293667649664,0.022656773735070246
South Africa,0.009137284027832093,-0.01748932337817033,-0.04140670431808546,0.13408941350662174,0.11305837874103553,-0.07390422507677152,0.07430471264974403,0.04362954593833401,0.06451663515623163,0.011393197980765768,-0.05794915513585608,0.0019800754903780415,-0.006244982399802201,-0.0017633122305513727,0.020325837525122514,-0.037969829465955285
Spain,0.04377667561812304,0.0025535301192274318,0.0633986268301372,0.013460470858058793,0.049900700768023665,0.043206900752622124,-0.023543995112689453,0.020076875934572413,-0.08521137240962962,-0.11719470728609904,-0.04395077434473105,0.001189353521627634,-0.01439979556607296,-0.09852620304298099,0.004785653495756881,0.07525209062770988
Sri Lanka,0.1880851063829787,0.02005730659025784,0.0586376404494382,0.0019900497512439497,0.11022840119165811,-0.016100178890876338,-0.01030303030303037,0.03153704837721971,-0.011872959335114341,0.07930309402222901,0.0389646534929029,0.11277792660058927,0.0652383245064998,-0.012429378531073398,0.06032895537060612,0.011745974944298965
St. Kitts and Nevis,0.0,0.0,0.08000000000000007,0.11111111111111094,0.03333333333333344,0.032258064516129004,0.0,0.0625,0.0,0.044117647058823595,0.0,0.028169014084506783,0.041095890410958846,0.0,0.024332195362454456,0.022473020575586533
,0.0,0.0,0.06666666666666665,0.125,-0.05555555555555558,0.05882352941176472,0.0,0.0,0.0,0.0,0.05555555555555536,0.0,0.0,0.05263157894736836,0.024332195362454234,0.022473020575586755
St. Vincent and the Grenadines,-0.11111111111111105,0.2250000000000001,0.04081632653061207,0.05882352941176494,0.11111111111111094,0.0,0.0,0.03333333333333344,0.0,0.370967741935484,-0.2941176470588236,-0.09999999999999987,0.2777777777777777,-0.17391304347826086,0.02433219536245379,0.022473020575586755
Suriname,0.03294892915980241,0.07496012759170667,-0.31602373887240354,0.0,-0.013015184381778733,0.01098901098901095,0.08043478260869574,0.03621730382293764,0.05048543689320395,0.038817005545286554,0.27402135231316715,-0.17318435754189931,0.15540540540540526,-0.16228070175438591,0.024011501551895575,0.022007743613285502
Swaziland,-0.041420118343195145,-0.03703703703703709,-0.01602564102564108,-0.07491856677524422,-0.010563380281690127,-0.010676156583629859,-0.003597122302158473,0.04693140794223827,0.03103448275862064,-0.046822742474916246,-0.007017543859649145,0.010600706713780994,0.15034965034964998,-0.09726443768996951,0.12284769458425515,-0.003780037231213451
Sweden,-0.020242930916366753,0.017473303854693478,0.016972627977122956,0.010095069102242782,-0.013544531180439634,-0.04553698242311288,-0.0029994833864093184,-0.014636192066918796,-0.03931358966281584,-0.07011645851716208,0.12250054477595307,-0.07395995546903344,-0.05238670898029929,-0.0356636796695583,-0.033280111100383536,-0.020006357259018892
Switzerland,-0.018230002076408458,0.03344326496790906,-0.03618246160218275,0.027989005419355673,0.012597269910980868,0.013918648980768111,-0.009325803386698861,-0.04389713011029106,0.030363158622285003,-0.026140046851114485,0.03488875639183431,-0.09003285822595786,0.030956967276838387,0.022255474859805835,-0.09070070253889184,0.026710321128086578
,-0.025416608318162726,-0.044327897119045945,-0.1991429860171403,0.3893738852905284,-0.058441997162353765,-0.009328358208955279,0.05838041431261787,0.240487270736381,0.01826106145867823,-0.08782575716530305,-0.002138275124732747,-0.07625000000000004,-0.22997615825761974,-0.17698744769874464,0.008259793266233162,0.022059538983153715
,0.05752071383046542,0.041618535817722124,0.04244684099712326,0.03667900092506926,0.056990734543940436,-0.004713596262891917,0.02975853879212864,0.04045798382778898,-0.05872961418694245,-0.04998808472461702,0.0864381520119224,-0.0030286979315213847,-0.041045691087922,0.013168923046325887,0.014138250389322593,-0.006100228866427582
Tajikistan,-0.11208151382823883,0.024590163934426146,-0.17920000000000003,0.10331384015594547,0.23498233215547693,-0.047210300429184726,0.08858858858858865,0.2165517241379311,-0.10204081632653061,-0.15530303030303028,0.03736920777279518,-0.07636887608069187,0.2995319812792514,0.17406962785114044,-0.014935046464392143,0.02236563790268864
Thailand,0.029210909848011557,0.07353387413266455,0.07051330368583697,0.07801443407850717,0.08288429509160378,0.017597032479869767,0.03052530191894509,0.0011071967790639015,0.0002154491396397784,0.058977267831756164,0.06719190713820788,0.0060737747620680516,0.05125225760006069,-0.00689613744218176,0.02141904066390654,0.009492961625175322
,,,,0.0,0.09090909090909083,0.0,0.02083333333333326,0.020408163265306145,0.09999999999999987,0.1272727272727272,0.032258064516129004,0.046875,0.19402985074626855,0.5,0.06741650995491488,0.010645860505259064
Togo,-0.11455847255369922,-0.14555256064690025,0.05993690851735023,0.18749999999999978,-0.045112781954887105,-0.04199475065616798,-0.08767123287671241,0.15315315315315337,0.19531249999999978,0.6535947712418302,-0.061923583662714,-0.077247191011236,-0.10197869101978696,0.03050847457627115,-0.004775804627904279,0.01636630737518474
Tonga,-0.1333333333333333,-0.07692307692307687,0.16666666666666652,0.14285714285714302,-0.0625,0.03333333333333344,0.12903225806451624,-0.11428571428571432,0.06451612903225823,0.09090909090909105,-0.11111111111111116,-0.1250000000000001,0.7500000000000002,0.16326530612244894,0.06741650995491466,0.010645860505258842
Trinidad and Tobago,0.047251687560269984,0.052332719459791344,0.08268922269213941,0.024919181034482873,0.10435011170981712,-0.042246816613114246,0.57331013916501,0.038145632601484625,-0.032483834157474245,-0.03782041201446762,0.06766364304976702,-0.021048603138155375,-0.032603596559812376,0.025781944556696024,-0.013303530805784725,-0.014081495253894016
Tunisia,0.08681736347269453,0.044910730719676106,0.002113792496036604,0.018456670768149053,0.049534000690369284,0.016280217069560843,0.01456310679611672,0.04864433811802238,0.029657794676806182,-0.001477104874446189,0.11582840236686387,-0.05926024128330898,0.037767756482525394,0.024579033134166206,0.0551416694557203,0.0794462239086362
Turkey,0.1267539348965394,-0.0648451463158859,0.040906465633010924,0.06421939947946864,0.050931880953351216,0.10253367015080306,0.08263229516736947,0.10248470801990184,-0.028904094356118737,-0.040044453416235526,0.031476385702885246,0.055368754505091156,0.07403730574915013,-0.022485211226930257,0.07677563497884177,0.010727689604353774
Turkmenistan,-0.0036982968369829727,0.01426199081762225,0.04969661947414039,0.11597394256353799,0.04349255940146346,0.038606996533249394,0.024275527234107086,0.13190638423937195,0.014067918602368668,-0.11420828493999224,0.13803904428904423,0.09255584714843512,0.03837365985119212,0.029225908372827902,0.15207898842648415,0.17836706631824595
,0.0,0.0,5.750000000000001,0.03703703703703676,0.0,0.17857142857142883,0.18181818181818166,0.15384615384615374,0.08888888888888902,0.0,0.061224489795918435,0.0,0.03846153846153855,0.0,0.024332195362454012,0.022473020575586977
Uganda,0.08938547486033532,0.05641025641025621,0.031553398058252524,0.025882352941176467,0.08715596330275233,0.24894514767932518,0.16891891891891886,0.13872832369942167,0.1040609137055839,0.05977011494252871,0.15943600867678942,0.087932647333957,-0.042132416165090225,0.19838420107719923,0.028720392921735893,0.010549668249162591
Ukraine,-0.04462994833023848,0.07127050030835824,-0.030385586124942687,0.013411147537287338,0.03861554340410178,0.03567858069782326,0.05936438623588769,0.013823137940215613,-0.03945443832987183,-0.14970304195742745,0.06496768207391956,0.049318093841190125,-0.018479679694538897,-0.027965811223149895,-0.13872697656229838,-0.1860261048655093
United Arab Emirates,0.43620455715154627,-0.0990357049778473,-0.16477437084177027,0.26135330533789336,0.059891543108182344,0.02567922023250535,0.06652143714087266,0.09487581776738407,0.1601957497431461,0.06739530656475012,-0.04255179791716701,-0.007638983901126495,0.080034008134378,-0.018765158929407222,0.0035766313067087108,0.04071601809115011
United Kingdom,0.01345783005797041,0.016776207264372456,-0.028858384841779827,0.020294701710186214,0.001985309049332473,-0.004967588388593347,-0.003016127037610894,-0.014878860147575557,-0.02492916519795685,-0.0942806794409583,0.038001506067089075,-0.0841416939763393,0.041950826644109096,-0.01766360480848672,-0.08624365173203474,-0.04138926712279867
Tanzania,0.044797687861271474,0.17980636237897651,0.14771395076201665,0.06026557711950953,0.1464354527938343,0.261344537815126,0.09526982011992002,-0.021897810218977964,0.04166666666666674,-0.036417910447761104,0.2007434944237918,0.13880288957688314,0.17942908926144097,0.1263926238955051,0.026304165284656733,0.04273556391931499
United States,0.02981042012231727,-0.016349772830357323,0.007002503875247257,0.007842325951326279,0.019171424182282015,0.004226520089132713,-0.013123684516116674,0.013117317407636886,-0.03241819939513091,-0.07341992952796972,0.03652046527899255,-0.022719905722797695,-0.037824749959888604,0.028663986774896788,0.00971476684177941,-0.02563711359746057
Uruguay,-0.2110141766630318,-0.04077401520387003,-0.09221902017291062,-0.004761904761904745,0.22009569377990434,0.02941176470588225,0.1511111111111112,-0.0970766685052401,0.37996334758704964,-0.025232403718459473,-0.2098092643051771,0.21666666666666656,0.1199811053377422,-0.12526360185575713,0.02346420154326312,0.020796834027055233
Uzbekistan,0.023151304779024606,0.01769000090873285,0.0395868678751079,-0.03513041486529034,-0.026320474777448033,-0.061896199676957475,0.022967968293158503,0.0005398710660866612,0.030946486383546024,-0.10055109140728435,-0.02765702550059912,0.09135072341324335,0.01874072640474811,-0.10869771712630216,0.038116357441044135,0.02094088985571818
Vanuatu,0.0,0.04347826086956519,-0.04166666666666674,0.0,-0.30434782608695654,0.0,-0.1875,1.076923076923077,-0.0370370370370372,0.2692307692307694,0.0,0.09090909090909105,-0.13888888888888895,-0.06451612903225812,0.06741650995491466,0.010645860505259064
"Venezuela, RB",-0.119569591832412,0.13229562623297886,0.12011048549877845,-0.006278690390379094,-0.2101475556912975,0.08806612209386633,0.026764692816845015,-0.05148506284206189,0.11398727392980135,0.003767018118538079,0.051622509127251304,-0.05428626842513573,0.11092881606201677,-0.06599593871146392,-0.020129888529881734,-0.03808793698423518
Vietnam,0.12478855912655717,0.139722469068289,0.15809992202962864,0.11243461598218452,0.14958100558659226,0.08386992265014359,0.046891346584964744,0.02070023912345209,0.12510926955487944,0.14342542810081738,0.09208523592085238,0.09873071179691384,-0.022583641017509648,-0.03543453070683655,0.10426284291498544,0.09389049490901313
,,,0.7499999999999998,0.0,0.0,0.14285714285714302,0.0,0.0,-0.25,0.33333333333333326,0.0,-0.1250000000000001,0.0,-0.1428571428571428,0.06741650995491488,0.010645860505259064
"Yemen, Rep.",0.05357614146212719,0.1102204408817633,-0.030009025270758105,0.09769713886950449,0.09112100021190939,0.06156535249563033,0.037504573728503576,0.008464115676247497,0.06522119251617431,0.09947472094550203,-0.0459838757838158,-0.1607198748043821,-0.06992355025172459,0.38572574178027264,0.024589217602465352,0.006023764283884736
Zambia,0.008113590263691739,0.046277665995975825,0.04038461538461546,0.06469500924214433,0.015624999999999778,0.06666666666666665,-0.08333333333333326,-0.1520979020979022,0.2268041237113403,0.15798319327731103,0.07256894049346885,0.08254397834912042,0.1862499999999998,0.09905163329820854,0.05389607336448865,0.006358234521020911
Zimbabwe,-0.12065771190365926,-0.09533842507242551,-0.050072780203784584,-0.10940851976708543,-0.10977288368891958,0.1352918438345576,-0.029962546816479585,-0.053703053703053616,-0.21402077151335308,0.07267579046720152,0.1117465904091508,0.2548476454293631,0.11226742352570152,0.06549475474907873,0.23313566676474462,-0.022668812795681448
,0.016296807591847928,0.001048331736587249,0.002882721565667712,0.015112082859949139,0.010036627733315262,0.0029548139355255465,-0.0010755301346239143,0.0063994943481855415,-0.025142456084966458,-0.07188425473781235,0.03662255184466923,-0.011776137873150128,-0.016309996827518658,0.0015004159981404364,-0.015920322790548114,-0.01752741020998061
,0.04336226921202213,0.030483481328158923,0.046463650939020607,0.09501660916195731,0.0989013026245158,0.08060442916767174,0.07028453771640564,0.060630256575885166,0.0422814227892907,0.03913789282253566,0.05044323481223789,0.06604036250608236,0.037346833886792385,0.011967989797092127,0.01984546455187397,0.008534882903065588
,0.024672622607973205,-0.004128049134229483,0.006047713382966391,0.014600961872358376,0.012008907120135026,0.003190023615813775,-0.003625480037849904,0.011671709261158236,-0.02569444395961884,-0.06563068273805672,0.03603171264264038,-0.013024715932811626,-0.01361683704833061,0.008699579601963547,-0.012820017238243442,-0.010769750791581378
,0.031061572568373386,0.03467675532984815,0.03962761480370758,0.09025937284844465,0.09127995543303835,0.07602227574516118,0.0688673890289413,0.0534458253428578,0.0397376754002432,0.029747784344189787,0.05038888488273385,0.0643009792079734,0.03395990837543694,0.00736083482590999,0.017128360767017403,0.0040458686042930125
,0.006578357548100877,0.016100608955079254,-0.005714817983251352,0.02276166082733777,0.0006104227347396574,-0.004247047949784144,0.001902192151504778,-0.012442129913517341,-0.022645661033621756,-0.08113513847136944,0.031770066741948266,-0.03736302686892623,-0.01658888291412386,-0.021691692552878727,-0.04949764105921495,0.013805416120504566
,0.06765312873812035,-0.011864747622741478,0.014906218331035115,0.07231923261076867,0.07627665217739743,0.01808736969009339,0.04023739120440495,0.041590496661912724,0.047506236017177406,0.011430763329498106,0.0029217233009701804,0.008993747031579735,0.033351722152930474,0.0029130157256429534,0.03101496681587057,0.005510949873378745
,0.03597454312363357,0.03221849567084245,0.05965728434947848,0.10190014297083083,0.10232278898430192,0.08817291444913233,0.06837622710739777,0.07016994585063285,0.026417634042478433,0.04312894887141394,0.05429076448130421,0.08058037958139574,0.03140850237775106,0.016598945450752023,0.01380642415385136,0.005584208883923525
,0.07336527785893754,0.0347878160982118,0.03240825989740892,0.020128927051749068,0.00801758373504513,0.016006739679865545,0.14366891035020957,0.02978995628531811,0.0044934978878488074,-0.026943453792079408,0.06270920723698126,0.006937522427335807,-0.0021777865769154747,0.02716269841269847,0.018467061369877413,0.011187779331079062
,0.0015422082076235188,0.02103165324452072,-0.006897670751855323,0.02324930085862631,0.004988310226821557,0.002789248987093762,0.013304685035590236,-0.008240751519692724,-0.010955523297506153,-0.07887671146785535,0.039365781733050165,-0.01221011011661155,-0.010849739868468045,-0.02483404150315416,-0.03819845436708358,-0.00919226048507571
,0.10406877965169392,0.016164342174414648,0.014489883887650379,0.0641084085621888,0.09026304985924538,0.04397218439570438,0.0716444350123493,0.021435413778353896,0.06823084686453518,0.030846715893223298,0.04414235528333932,0.018790992867463885,0.07761057550769634,-0.025542946795566013,0.03481849427519279,0.0294193301776573
,0.02894932160464525,-0.013317564925194314,0.0062364632139211285,0.011314190142194924,0.01701442769213979,0.006097695473476161,-0.010680650197243402,0.016341753590281227,-0.028064399727193434,-0.07074357600117065,0.03197876587148252,-0.015615374887317346,-0.02901569846291341,0.026700485337098012,0.0071409355400939845,-0.025425103920774572
,0.01930504951797296,0.026193294921947885,0.011762232631869596,0.021571242179710515,0.031200411779291448,0.014741022759578115,0.012459798069542227,0.01598824321754644,0.0128733738960225,0.004714016219720563,-0.002102064894976108,-0.006769595078805146,0.00913729144282227,-0.02160633535579526,-0.006269091122580006,0.01527937435738358
,-0.0265428526332403,0.015777147232355793,0.009821179162251115,0.008079104975675211,0.009238287715385596,0.04773660064995311,0.026111133995139424,0.023238823165762756,0.07082048505676775,-0.015812419857116566,0.08889790570069311,0.015144522503119484,0.06056677162437496,0.030124154574032502,0.02346101689595481,-0.008811749271396385
,0.014457771406483966,-0.006173352464181714,0.020139906899251825,0.040052654223584616,0.08197057701674271,0.03914829406678644,0.0561582210604592,0.054874270472639486,0.01890190704831496,-0.03459413797144251,0.07657128001245694,0.022277980351898874,-0.006179412475198265,0.01223234727879663,0.014975572524266845,0.0
,0.15783009267575987,-0.6135457881688964,0.8333085587443017,-0.35304143029377766,0.12459881819546892,-0.7112291986082551,-0.09532719947708002,2.2841332059381436,-1.2941124862879656,0.755900315639676,-1.807369559792377,-1.1215805648528285,0.25153026511855514,12.62915379483067,0.14439925307239632,0.26902915593517784
World,0.024389748438018666,0.027856862932385207,0.014271816726237674,0.05652464151660075,0.05103151794219141,0.048188671661087534,0.035554077974521814,0.029256617974012356,0.021455115751759513,-0.010259684493644894,0.03782112493948264,0.036493580604540776,0.015006024579329313,0.0139294269390986,0.007064752669897922,0.0005821715020402074
