wb_name,1999,2000,2001,2002,2003,2004,2005,2006,2007,2008,2009,2010,2011,2012,2013,2014,2015
Albania,0.8140000000000001,0.8240000000000001,0.879,1.023,1.171,1.136,1.16,1.063,1.071,1.193,1.194,1.254,1.429,1.285,1.3130000000000002,1.308099854214675,1.3238013412122442
Algeria,25.121,23.979,22.987,24.776,25.234,24.405,29.214,27.588,29.86,30.079,33.115,32.5,33.048,35.448,36.601,39.2576472064118,40.92160632150115
Andorra,0.14,0.14300000000000002,0.14300000000000002,0.145,0.146,0.154,0.157,0.149,0.147,0.147,0.141,0.141,0.134,0.134,0.134,0.1349519038640387,0.13594729914128242
Angola,2.497,2.602,2.654,3.4539999999999997,2.472,5.125,5.224,6.072,6.859,7.011,7.579,7.9239999999999995,8.274000000000001,9.107999999999999,8.853,8.848173869104517,8.990172761145454
Antigua and Barbuda,0.095,0.094,0.094,0.099,0.106,0.111,0.11199999999999999,0.11599999999999999,0.128,0.131,0.139,0.14300000000000002,0.14,0.14300000000000002,0.14300000000000002,0.14647950393683093,0.14977134084270505
Argentina,40.083,38.760999999999996,36.466,34.01,36.832,42.975,44.208,47.842,47.771,51.57,49.076,51.246,52.25899999999999,52.457,51.763999999999996,52.08093708952285,52.799820900317755
Armenia,0.8220000000000001,0.945,0.966,0.8300000000000001,0.935,0.9940000000000001,1.187,1.195,1.381,1.516,1.189,1.15,1.341,1.5530000000000002,1.499,1.4900228646727345,1.5251196640311588
Australia,93.80838071718729,95.49274921095206,97.61280837863077,98.76129582315176,100.53110737584801,104.12643602423107,105.23502532927576,106.75057339231672,108.84728535577221,110.32691818069792,111.47611326409128,110.86271648044243,110.18163982368752,110.93418332521831,108.32803944603977,107.29447243293885,109.0998493208267
Austria,17.92034215126438,18.0880849493754,19.186536885433586,19.685205088596295,21.29474724244521,21.3943770264956,21.72175269671239,20.997530440512303,20.26968087408113,20.21458946290292,18.472359483994207,19.795804074545842,19.19409580906489,18.47670814271612,18.547249211895828,17.5389093867717,18.161297153603535
Azerbaijan,7.792999999999999,8.047,7.846,8.076,8.349,8.751,9.363999999999999,10.681,8.32,9.682,8.700000000000001,8.366,9.121,9.696,9.72,10.17487264822435,10.462132067617144
"Bahamas, The",0.457,0.455,0.428,0.43,0.414,0.47,0.475,0.45399999999999996,0.461,0.408,0.44799999999999995,0.672,0.52,0.523,0.848,0.8677318996972532,0.8871984513625857
Bahrain,4.914,5.0840000000000005,3.798,4.281000000000001,4.4910000000000005,4.775,5.2379999999999995,5.135,7.279,8.075,7.446000000000001,7.946000000000001,8.008000000000001,7.932,8.715,8.502705553565978,9.044414699075347
Bangladesh,6.8820000000000014,7.6,8.851,9.192,9.728,10.282,10.765999999999998,11.874,12.11,13.515,14.677999999999999,16.36,17.336000000000002,18.402,18.803,19.572384690749555,20.866106021685916
Barbados,0.33,0.324,0.33299999999999996,0.335,0.34600000000000003,0.353,0.369,0.374,0.37200000000000005,0.442,0.441,0.40299999999999997,0.41700000000000004,0.401,0.395,0.4044089630758809,0.41269072425809067
Belarus,15.302,14.668,14.388,14.290999999999999,14.597999999999999,15.86,16.135,16.927,16.505,17.209,16.543,17.087,17.359,17.241,17.39,17.573425393642303,16.594134796765786
Belgium,33.89958290664959,34.47467520441465,34.292950474540646,34.392793306729324,34.804582341751015,35.10930225654746,34.14793026857968,33.384168602465394,32.21272070037051,32.85005727144166,29.28017017148248,31.155946159600568,28.642389129629674,27.546832862924568,27.768760026441782,26.289687004184014,27.27843441526623
Belize,0.095,0.113,0.11199999999999999,0.1,0.105,0.10800000000000001,0.113,0.118,0.125,0.105,0.118,0.147,0.163,0.131,0.141,0.1444904039462807,0.14768926471835567
Benin,0.426,0.436,0.495,0.5670000000000001,0.642,0.684,0.653,1.056,1.226,1.203,1.271,1.388,1.4469999999999998,1.503,1.581,1.5718401803893025,1.6030802503732065
Bermuda,0.128,0.127,0.127,0.135,0.128,0.124,0.10800000000000001,0.14200000000000002,0.19899999999999998,0.177,0.124,0.156,0.10800000000000001,0.121,0.099,0.10140888734088296,0.10368785135264197
Bhutan,0.105,0.10800000000000001,0.105,0.114,0.103,0.084,0.10800000000000001,0.107,0.107,0.115,0.106,0.133,0.2,0.223,0.24100000000000002,0.25232960085739703,0.25520007014428564
Bosnia and Herzegovina,2.83,3.76,3.6439999999999997,3.9,3.951,4.257,4.4190000000000005,4.79,4.814,5.496,5.646,5.8020000000000005,6.513999999999999,6.07,5.974,5.630224224158512,5.911605588715769
Botswana,0.862,1.031,1.05,1.085,1.044,1.063,1.117,1.128,1.1540000000000001,1.229,1.071,1.308,1.2,1.213,1.479,1.6968808907484558,1.6823845030282427
Brazil,87.31200000000001,89.44200000000002,92.01899999999999,90.61,87.70700000000002,92.126,94.712,94.81,99.04899999999999,105.708,100.12200000000001,114.46799999999999,119.829,128.178,137.35399999999998,143.8261625918664,140.51990887013875
Brunei Darussalam,1.0659999999999998,1.285,1.229,1.194,1.252,1.3630000000000002,1.365,1.3259999999999998,2.295,2.487,2.144,2.237,2.6439999999999997,2.6319999999999997,2.123,2.342512750469424,2.4907974200909417
Bulgaria,12.526568278062275,12.292802755262391,13.307175134679015,12.547142478671267,13.699927647243486,13.394386294562715,13.674991094938257,14.01820022025064,15.040819743101805,14.625176448990347,12.3927131772867,12.98785903254886,14.444829301578679,13.112764521700068,11.593870463587475,12.304291858937965,13.012167836183085
Burkina Faso,0.254,0.28400000000000003,0.272,0.27399999999999997,0.294,0.301,0.307,0.371,0.449,0.523,0.527,0.535,0.603,0.7170000000000001,0.8340000000000001,0.8290175332809245,0.8460105108298058
Burundi,0.078,0.079,0.055999999999999994,0.057999999999999996,0.044000000000000004,0.054000000000000006,0.042,0.051,0.051,0.052000000000000005,0.052000000000000005,0.057999999999999996,0.066,0.077,0.08,0.08210331726487577,0.08306411021514333
Cambodia,0.517,0.539,0.614,0.602,0.649,0.667,0.757,0.8180000000000001,0.945,1.063,1.269,1.367,1.42,1.4880000000000002,1.52,1.6129961608554253,1.6295596405052115
Canada,150.15913302075285,156.19279080744332,154.09853174131118,155.5300615843647,160.29112405505236,159.77479819168514,158.08551739080346,156.51726793153404,162.67503328980243,157.59959885978574,148.1521448952578,151.47482539872397,152.33425844380733,153.77282018420226,156.41212850611245,156.68661995404216,152.02683568153287
Cabo Verde,0.047,0.051,0.057,0.066,0.084,0.09,0.094,0.102,0.10800000000000001,0.084,0.09,0.131,0.145,0.135,0.121,0.1202014854662144,0.12292486332504175
Central African Republic,0.07200000000000001,0.073,0.067,0.067,0.064,0.064,0.064,0.068,0.069,0.069,0.069,0.07200000000000001,0.076,0.08,0.081,0.08046545721292038,0.0822885448704825
Chad,0.033,0.048,0.047,0.046,0.104,0.103,0.109,0.111,0.126,0.139,0.134,0.141,0.147,0.14800000000000002,0.166,0.16490451725117014,0.16864072158642093
Chile,16.772000000000002,16.039,14.546,15.043,15.163,16.301000000000002,16.858,17.675,19.535999999999998,19.594,18.218,19.703,21.61,22.081999999999997,22.680999999999997,22.192966781516557,22.09181152630282
China,969.3946070091972,986.7003888601328,1039.1789725182223,1135.073206146445,1340.5064091148522,1561.9584076716947,1787.3297931780069,1968.3479492303527,2139.695032306176,2182.653538400009,2308.501434442472,2461.4334411270497,2687.342852712991,2748.3136906117347,2840.614919032067,2847.688345721934,2826.7106210880115
Colombia,15.411,15.796,15.345999999999998,15.179,15.659,15.017999999999999,16.62,17.164,17.025,18.567999999999998,19.815,20.77,20.87,21.781999999999996,24.441,25.78377297726604,26.934614136681997
Comoros,0.021,0.023,0.023,0.024,0.026,0.027000000000000003,0.027999999999999997,0.031,0.031,0.032,0.032,0.035,0.040999999999999995,0.04,0.044000000000000004,0.04370963107862342,0.04469995030001518
"Congo, Rep.",0.22399999999999998,0.28600000000000003,0.209,0.157,0.25,0.259,0.268,0.305,0.331,0.35700000000000004,0.465,0.525,0.609,0.65,0.677,0.6886148657502127,0.7202960095566021
Costa Rica,1.506,1.493,1.571,1.725,1.807,1.89,1.8730000000000002,1.936,2.215,2.217,2.155,2.064,2.1109999999999998,2.1180000000000003,2.077,2.12926927390956,2.1703935641642857
Cote d'Ivoire,1.709,1.8519999999999999,2.1069999999999998,1.9869999999999999,1.489,2.09,2.134,1.908,1.848,1.848,1.5430000000000001,1.681,1.745,2.2880000000000003,2.451,2.573307721375821,2.7755008376851857
Croatia,5.5173726053496255,5.400961176343001,5.715914290033815,6.012862081075891,6.374241567864198,6.2787213028207685,6.400612949419916,6.464228993117277,6.810965046783987,6.4725393880624065,5.994987791357737,5.781580052000827,5.626211919730237,5.124558228233715,5.010780524307514,4.8054919253735795,4.900967657569192
Cuba,6.9079999999999995,7.1129999999999995,6.941,7.115,6.95,6.819,7.0920000000000005,7.474,7.307,8.302,8.152999999999999,10.465,9.814,9.86,10.728,11.000645304246252,11.229179370569677
Cyprus,1.8801889474366809,1.9485608638400655,1.9110008104074785,1.9631302111836797,2.069569824205513,2.1318127277409937,2.172954410692685,2.2248873020382094,2.308443881095797,2.352550740690229,2.2848638746462884,2.1846583352742903,2.1005259109047487,1.954339046478439,1.760212883713428,1.8772737284691596,1.8895648204316653
Czech Republic,30.535999999999998,33.774,33.739000000000004,32.656,33.286,31.845,32.754,33.299,33.625,31.824,29.358,30.428,29.154,27.553,26.905,26.222670206557762,26.25513191203168
"Congo, Dem. Rep.",0.377,0.222,0.228,0.253,0.26899999999999996,0.327,0.409,0.435,0.472,0.499,0.469,0.5429999999999999,0.6729999999999999,0.6980000000000001,0.758,0.7529610065224066,0.7692160177293158
Denmark,16.160364405039935,14.996180110746655,15.41246057338819,15.311975972906193,16.71897303692505,15.208638566815116,14.233851443325046,16.39612465881438,15.089759748761225,14.159137160558044,13.484031787144454,13.604107880183587,12.252354917670797,10.978606633201046,11.515256546132953,10.378265305412343,9.550526261993916
Djibouti,0.08600000000000001,0.09300000000000001,0.1,0.109,0.115,0.111,0.113,0.11199999999999999,0.126,0.136,0.126,0.141,0.129,0.141,0.166,0.16503650312452314,0.1683225623591413
Dominica,0.022000000000000002,0.027999999999999997,0.03,0.027999999999999997,0.032,0.031,0.032,0.031,0.042,0.036000000000000004,0.036000000000000004,0.038,0.035,0.037000000000000005,0.036000000000000004,0.03687595903304835,0.03770467321914254
Dominican Republic,5.062,5.397,5.404,5.817,5.867000000000001,4.993,5.083,5.3950000000000005,5.774,5.845,5.607,5.904,6.022,6.202999999999999,6.019,6.242361804177513,6.3357937445243655
Ecuador,5.862,5.65,6.303999999999999,6.803999999999999,7.354,7.921,8.253,7.87,8.696,9.236,9.809,10.383,10.81,11.037,11.87,12.262382122436364,12.006210099169573
"Egypt, Arab Rep.",34.195,38.54,34.211,34.686,40.35,41.153999999999996,45.598,48.701,51.566,54.155,56.376999999999995,55.281000000000006,59.221,59.195,58.089,58.425611027551106,59.65743824626847
El Salvador,1.554,1.5659999999999998,1.6219999999999999,1.6469999999999998,1.787,1.736,1.76,1.867,1.903,1.785,1.757,1.732,1.8130000000000002,1.963,1.734,1.7715689096396292,1.8071115402876687
Equatorial Guinea,0.129,0.124,0.8440000000000001,1.358,1.641,1.423,1.285,1.297,1.308,1.228,1.26,1.276,1.8459999999999999,1.59,1.476,1.5923217144946256,1.7473558551469457
Eritrea,0.16899999999999998,0.166,0.172,0.165,0.198,0.21,0.209,0.153,0.158,0.113,0.14,0.14,0.162,0.18,0.182,0.18102990383085552,0.1843384703205053
Estonia,4.235395911768191,4.132474813783376,4.228673850644252,4.0994225300382405,4.594217874655212,4.654769171720027,4.457078010493381,4.290264444698713,5.118899544356804,4.711932323519787,3.8627197493979137,4.867297928261201,5.035461480439666,4.722881339422439,5.340166040785224,5.1634048413510065,5.418496246776597
Ethiopia,0.861,0.968,1.187,1.2329999999999999,1.36,1.444,1.396,1.501,1.64,1.794,1.808,1.796,2.1069999999999998,2.335,2.9,2.961878383272744,2.9960289578623867
"Micronesia, Fed. Sts.",0.032,0.037000000000000005,0.048,0.04,0.04,0.04,0.033,0.034,0.039,0.033,0.046,0.033,0.035,0.039,0.04,0.04269666039819658,0.043151203088836215
Fiji,0.21899999999999997,0.236,0.304,0.228,0.235,0.309,0.37200000000000005,0.371,0.32799999999999996,0.13699999999999998,0.29100000000000004,0.436,0.434,0.435,0.466,0.4961963048491451,0.5013042503833631
Finland,16.067939629597348,15.54949523126171,17.042205258897855,17.72556446670073,19.79328334935497,18.783245876321725,15.532837034110882,18.614057313612285,18.158220746248933,15.955685868909766,15.184383943508124,17.420310651618358,15.4145048004084,13.914648710446766,14.147024218928511,12.990647796739507,11.987580101924982
France,113.89123985443831,112.940919933186,113.1005819505295,111.8494251970582,114.23194316981757,114.47306412298649,115.86925738568644,112.89337532159658,110.36324808268816,108.57519047748623,103.65158941100073,106.28320678600477,99.11627566260643,99.7675680335318,99.59704783283941,91.5227673930107,92.76511263451964
Gabon,1.311,1.28,1.3090000000000002,1.247,1.266,1.278,1.3330000000000002,1.138,1.123,1.136,1.181,1.237,1.219,1.249,1.297,1.3225637482715058,1.3708371430758037
"Gambia, The",0.07,0.075,0.077,0.08600000000000001,0.08600000000000001,0.08800000000000001,0.08800000000000001,0.092,0.10800000000000001,0.11199999999999999,0.119,0.129,0.119,0.129,0.134,0.13325422337730766,0.13641768597776968
Georgia,1.185,1.237,1.028,0.924,1.0290000000000001,1.179,1.382,1.6769999999999998,1.751,1.409,1.6130000000000002,1.515,1.8769999999999998,2.006,2.048,2.020984267160634,2.0692681786993266
Germany,244.33532960714246,245.41601174161843,249.878408245202,245.38011582739358,245.71585812537663,241.891129122732,236.3296996857888,239.4590238669214,232.1915100864738,232.85859245421668,215.16844943058675,227.1341741176337,221.7356739531141,222.97760109589797,228.09650577818772,216.39153370976527,217.8819971723501
Ghana,1.786,1.715,1.8869999999999998,2.024,2.081,2.004,1.9069999999999998,2.552,2.68,2.492,2.102,2.715,2.681,3.239,3.987,3.9860998394821983,4.09084173514106
Greece,26.741205882184072,28.116720712360344,28.76836997770445,28.67125169189448,29.783451843590694,29.904765532090288,30.90060654911516,30.507026122844987,31.148349964765767,30.09163906165595,28.376032831290928,26.48337411582029,25.68311789891305,24.75725279649899,22.628445949319183,21.732607641778294,20.701510336189138
Greenland,0.147,0.145,0.147,0.147,0.145,0.159,0.166,0.171,0.17400000000000002,0.18,0.157,0.18100000000000002,0.193,0.155,0.155,0.15877149028118034,0.16233956524908594
Grenada,0.053,0.052000000000000005,0.053,0.055999999999999994,0.059,0.055999999999999994,0.059,0.063,0.065,0.069,0.069,0.07100000000000001,0.069,0.07400000000000001,0.083,0.08501957221508369,0.08693021881080085
Guatemala,2.435,2.7039999999999997,2.898,3.026,2.9530000000000003,3.1689999999999996,3.428,3.4490000000000003,3.443,3.117,3.2319999999999998,3.181,3.228,3.265,3.708,3.833894638943484,3.898923595335146
Guinea,0.34700000000000003,0.34900000000000003,0.354,0.361,0.366,0.366,0.322,0.322,0.33,0.597,0.616,0.71,0.758,0.7040000000000001,0.627,0.6231988068474339,0.6361629857456532
Guinea-Bissau,0.053,0.04,0.040999999999999995,0.042,0.053,0.055,0.057999999999999996,0.059,0.063,0.062,0.064,0.065,0.067,0.069,0.07,0.06953804944326453,0.0711135572954787
Guyana,0.45799999999999996,0.439,0.435,0.431,0.42700000000000005,0.444,0.392,0.35200000000000004,0.426,0.425,0.42700000000000005,0.469,0.486,0.544,0.528,0.5408473991513757,0.5530018738807573
Haiti,0.363,0.373,0.428,0.498,0.473,0.542,0.5660000000000001,0.5760000000000001,0.652,0.654,0.619,0.58,0.605,0.632,0.6559999999999999,0.6709643001479092,0.6851215008270183
Honduras,1.2930000000000001,1.3719999999999999,1.558,1.661,1.8459999999999999,2.009,2.06,1.911,2.394,2.365,2.147,2.1750000000000003,2.4419999999999997,2.45,2.472,2.5493190717046352,2.5950937421616325
"Hong Kong SAR, China",11.649,11.027999999999999,10.350999999999999,10.809,11.824000000000002,11.374,11.964,11.469000000000001,11.923,11.993,11.495,11.115,11.943,11.847999999999999,12.27,12.138279447026193,12.967427470226937
Hungary,16.81035508090056,15.921617648742723,16.374381679895805,16.09394862725394,16.857761898332697,16.43877237567869,16.465476258756798,16.307786867213338,15.944060908064186,15.645513736174586,14.091345530678835,14.221859378402215,13.720760126135966,12.766087566948668,11.98986849802992,11.892305905770133,12.457694622871745
Iceland,0.7247256346740286,0.7447973485539063,0.7397092595703194,0.7630751396489432,0.762206094938232,0.7742983107471922,0.7634592227015415,0.8022043113363979,0.883432133333403,0.9735833132266032,0.9612147133228436,0.9234585749694459,0.9002641074197306,0.8980830871531819,0.9011452821413124,0.8930699325778126,0.9241746520442032
India,271.548,281.389,283.925,287.499,299.863,314.786,333.39599999999996,355.527,383.858,427.70099999999996,474.133,468.964,503.61699999999996,550.451,554.8820000000002,589.9535908056439,620.7232199434733
Indonesia,65.991,71.83500000000002,80.422,83.648,86.39,92.074,93.262,94.115,102.412,113.597,121.737,116.92399999999999,156.362,163.496,130.724,141.6940577203637,146.61674049776448
Iraq,19.712,19.756,23.273000000000003,23.796,24.848000000000003,31.111,30.958,26.935,16.95,25.401999999999997,28.51,30.596,36.523,41.727,45.763000000000005,46.57112831133267,46.88032002787374
Ireland,11.545329656954332,12.315320808478269,12.959257854375632,12.541683998312061,12.432948286439691,12.566157818890055,13.087392027315431,12.938309696727762,12.9620978940611,12.875420378136315,11.461879005962086,11.342323986400027,10.342575171134447,10.379808601581225,10.11174231206267,9.977911730701846,10.166216379583162
"Iran, Islamic Rep.",104.31200000000001,101.576,108.715,109.624,114.164,121.965,127.895,138.959,152.959,158.69799999999998,161.285,165.044,168.84799999999998,175.583,168.25099999999998,174.11390051203858,176.71558768540282
Israel,15.187999999999999,16.433,17.343,16.311,17.150000000000002,16.095,15.530999999999999,17.035999999999998,17.2,18.616,17.581,18.784000000000002,18.852,20.596999999999998,19.382,18.784113445492338,19.579393267236746
Italy,125.50235869786287,126.95826237737516,128.58195325042516,129.23145721743055,133.62322819848794,134.48314836326205,133.983150352162,132.80405746994307,130.5233928058203,127.71113352742073,114.32343801945784,117.05231473645777,113.67345365946056,106.26112538187245,98.8164981703788,93.56623284134164,98.64013024646678
Jamaica,2.721,2.8110000000000004,2.895,2.793,2.9090000000000003,2.91,2.863,3.135,2.6319999999999997,2.7840000000000003,2.1109999999999998,1.979,2.106,1.9980000000000002,2.1069999999999998,2.163384664164397,2.2073091430085605
Japan,341.99840261033125,347.7887522039353,343.1726419264313,353.2748903958107,354.66446738881217,354.3760612662642,356.4243513926621,350.7581433627633,360.2072034879575,337.1877211302348,317.3051833417892,331.0508256390318,344.3949066467047,353.76265239198904,357.94463679516747,345.3849916256312,337.69899506669253
Jordan,3.9730000000000003,4.229,4.364,4.605,4.763999999999999,5.247000000000001,5.742999999999999,5.76,6.0089999999999995,5.822,5.97,5.776,5.909,6.779,6.7650000000000015,6.959052388284242,6.991163713990344
Kazakhstan,31.24270247461791,37.72047453258434,35.743455221615726,40.56808414219433,44.979632516921384,47.15296930840611,50.5751493003821,56.459506372734715,58.104319951473805,57.892712683679036,56.67092218313319,63.51174207532751,61.07109787145197,61.88862783564411,63.87321500949781,66.55143944743945,64.2230498967075
Kenya,2.7739999999999996,2.841,2.555,2.173,1.8419999999999999,2.079,2.335,2.611,2.681,2.793,3.3680000000000003,3.3200000000000003,3.67,3.4130000000000003,3.627,3.7069833269481696,3.7525944449691737
Kiribati,0.008,0.009000000000000001,0.006999999999999999,0.011000000000000001,0.011000000000000001,0.012,0.017,0.019,0.013999999999999999,0.015,0.011000000000000001,0.017,0.017,0.017,0.017,0.01814608066923355,0.018339261312755387
Kuwait,14.732,14.606,15.719,15.879000000000001,16.340999999999998,17.326,19.511,20.117,20.517,22.561,23.808000000000003,24.441,24.824,27.583,26.714,26.72092528571038,27.72979825380278
Kyrgyz Republic,1.274,1.264,1.062,1.3519999999999999,1.483,1.6019999999999999,1.47,1.4480000000000002,1.547,2.089,1.8519999999999999,1.7409999999999999,2.088,2.76,2.6839999999999997,2.6184167875735693,2.689473093668182
Lao PDR,0.253,0.256,0.238,0.314,0.3,0.38,0.38299999999999995,0.423,0.248,0.258,0.34299999999999997,0.447,0.44299999999999995,0.589,0.593,0.6175388707164755,0.6265333613294698
Latvia,2.1022108215977253,1.9295106959460848,2.042797970539098,2.050670881560853,2.104393262501131,2.107259313605502,2.1278559626755134,2.2635305001186588,2.3515524774275014,2.23494682499623,2.0315228296923364,2.3275484900286973,2.1248544631319746,2.0471282525306376,2.001089715367192,1.948420136876722,1.9792874157904543
Lebanon,4.497,4.158,4.41,4.364,4.958,4.581,4.42,3.943,3.677,4.699,5.694,5.468999999999999,5.577000000000001,6.1739999999999995,6.1579999999999995,6.330575270479091,6.330937321903748
Liberia,0.10800000000000001,0.11599999999999999,0.135,0.134,0.14300000000000002,0.168,0.19899999999999998,0.204,0.183,0.154,0.141,0.217,0.244,0.281,0.261,0.2594425666944347,0.2647542788818996
Libya,12.168,12.847999999999999,13.117,13.044,13.408,13.732999999999999,14.21,14.527,13.624,15.124,15.997,16.73,10.742,14.289000000000001,13.919,14.172383126617756,14.794846808289455
Lithuania,3.6632508587820762,3.2210602889388515,3.4137463632926,3.4428015854210585,3.4402942690098395,3.598660853035529,3.8064640565637737,3.9036661245668753,4.264212974819872,4.083857728236469,3.4735589618504434,3.7169521464309083,3.7988579417212422,3.8142803531565987,3.5447100249649517,3.4751088601804074,3.4893853503518386
Luxembourg,2.185470640412692,2.406964021199931,2.546812543676188,2.753485277410668,2.8561081669260653,3.2456123148232363,3.3160974739159466,3.2783951284297936,3.115435365153664,3.072716220815797,2.931268603070465,3.0825109714757617,3.0512794999190493,2.9700663371490896,2.8125769151880613,2.682840995284816,2.718883585415901
"Macao SAR, China",0.418,0.446,0.46,0.416,0.419,0.471,0.501,0.445,0.42100000000000004,0.625,0.722,0.541,0.643,0.62,0.591,0.6319021585290164,0.6401739876743022
"Macedonia, FYR",3.197,3.29,3.272,2.9819999999999998,3.0839999999999996,3.052,3.076,2.983,2.589,2.5639999999999996,2.372,2.346,2.56,2.444,2.262,2.164947259554875,2.250889923155578
Madagascar,0.523,0.511,0.475,0.337,0.46399999999999997,0.493,0.475,0.45899999999999996,0.495,0.515,0.483,0.534,0.631,0.727,0.8390000000000001,0.945305486951584,0.9406527500224044
Malawi,0.262,0.244,0.243,0.24100000000000002,0.261,0.266,0.25,0.26,0.256,0.299,0.27399999999999997,0.325,0.324,0.308,0.34700000000000003,0.36557938828714814,0.3683740170141517
Malaysia,29.434,34.288000000000004,36.984,36.472,43.157,44.676,47.583,45.733,50.4,55.64,54.214,59.57899999999999,60.105,59.641999999999996,64.497,65.20585312398049,67.88643309975889
Maldives,0.115,0.12300000000000001,0.126,0.162,0.138,0.182,0.16399999999999998,0.207,0.213,0.23,0.24100000000000002,0.245,0.26,0.294,0.28600000000000003,0.3052811218471056,0.3085311020851789
Mali,0.217,0.22399999999999998,0.226,0.231,0.23,0.239,0.245,0.257,0.275,0.292,0.22,0.263,0.28500000000000003,0.271,0.28,0.2781521977730581,0.2844542291819148
Malta,0.6600861257125239,0.6589202541525633,0.6961255624547504,0.6725470058498184,0.7276567481602951,0.7109019737521465,0.7468102984675694,0.7577277037952731,0.7728281290082604,0.7703073599632059,0.7326750253859095,0.7343116908311783,0.7603429499064472,0.78292525331421,0.6757845057576196,0.677821175341347,0.6828361356015157
Marshall Islands,0.018000000000000002,0.021,0.022000000000000002,0.023,0.023,0.024,0.023,0.025,0.027000000000000003,0.027000000000000003,0.027999999999999997,0.027999999999999997,0.027999999999999997,0.027999999999999997,0.027999999999999997,0.02988766227873761,0.030205842162185345
Mauritania,0.313,0.32,0.34700000000000003,0.368,0.379,0.419,0.433,0.439,0.503,0.528,0.579,0.61,0.653,0.7240000000000001,0.722,0.7178160478147102,0.7320856475047642
Mauritius,0.662,0.7340000000000001,0.7809999999999999,0.787,0.835,0.843,0.899,0.99,1.006,1.028,1.008,1.068,1.069,1.11,1.016,1.1746844054915164,1.1633722391593715
Mexico,104.338,104.311,107.891,106.861,110.695,112.29,118.745,121.432,125.134,129.395,122.875,121.397,127.292,131.138,133.243,131.168559883197,128.82249686003402
Mongolia,2.06,2.0469999999999997,2.15,2.26,2.191,2.332,2.335,2.562,3.29,3.283,3.573,6.7250000000000005,7.522,8.925,11.342,12.039260055545393,12.343542164976457
Montenegro,0.4269931070360255,0.474291195213942,0.5096273897776044,0.5448367798153206,0.5825822603719599,0.6365587202497075,0.6935784887501626,0.65,0.614,0.75,0.498,0.7040000000000001,0.7010000000000001,0.637,0.613,0.5856902984248541,0.6103301629248059
Morocco,9.041,9.246,10.285,10.432,10.243,11.811,12.482,12.933,13.708,14.425999999999998,14.312,15.26,15.731,17.105,15.969,17.091289990487596,17.267704244454738
Mozambique,0.324,0.368,0.431,0.433,0.523,0.524,0.49700000000000005,0.54,0.617,0.618,0.6900000000000001,0.746,0.879,0.851,1.0959999999999999,1.106006093171103,1.1402247733740771
Myanmar,2.4459999999999997,2.7510000000000003,2.379,2.511,2.685,3.391,3.1630000000000003,3.5039999999999996,3.511,2.673,2.79,3.4130000000000003,3.8989999999999996,3.5269999999999997,3.4370000000000003,3.7246957214742697,3.86272502563141
Namibia,0.45399999999999996,0.44799999999999995,0.55,0.48,0.511,0.535,0.63,0.635,0.644,0.9079999999999999,0.8370000000000001,0.845,0.77,0.92,0.804,0.8098062827157667,0.8237027641550964
Nepal,0.878,0.8370000000000001,0.8909999999999999,0.716,0.775,0.728,0.841,0.6990000000000001,0.713,0.9329999999999999,1.182,1.379,1.509,1.594,1.773,1.8643041351719205,1.8846739093886544
Netherlands,46.732562650776394,46.95955573978749,48.31806812117862,48.16113553153469,49.090581050067776,49.548650933777196,48.45536932309726,47.154173793423425,47.26485272813364,48.08253775945465,46.614671555688325,49.817081588300255,46.3406486193785,45.214253213633484,45.16263220348256,43.06484217237584,44.31033419547326
New Zealand,8.60348965384427,8.83077429675656,9.438243112623766,9.489158892720084,9.9610182877921,9.842702873682027,10.274408924410752,10.239930329468123,10.003103571455206,10.282219369387755,9.499563888689652,9.557107356512262,9.379525841818172,9.721895747639671,9.578135027205704,9.720792932598636,9.708202277045425
Nicaragua,0.9890000000000001,1.026,1.081,1.101,1.203,1.207,1.178,1.218,1.256,1.206,1.226,1.237,1.331,1.275,1.246,1.2740063568621844,1.300502190978696
Niger,0.26,0.19,0.179,0.191,0.207,0.222,0.195,0.18899999999999997,0.19699999999999998,0.221,0.264,0.32,0.36200000000000004,0.509,0.535,0.5652660808481241,0.5701115630241202
Nigeria,12.21,21.59,22.726999999999997,26.756,25.397,26.463,28.549,26.968000000000004,25.921999999999997,26.22,20.926,25.093000000000004,26.205,27.171,26.084,27.002547000173077,28.476010722590605
Norway,11.651405594016293,11.515724046669025,11.880279064433267,11.641612597199778,11.982997648458051,12.095796564715338,11.885159393062851,11.98491772673496,12.51140918660041,12.251934474805651,11.793145796228194,12.508702455426748,12.266611103118178,12.159377562312965,12.092611051450927,11.972555900931521,12.001085551073848
Oman,5.647,5.971,5.532,6.946000000000001,8.833,7.6320000000000014,8.152000000000001,10.8,11.915999999999999,11.645999999999999,12.024,13.737,15.33,16.145,16.685,16.342671663013288,17.267458751566547
Pakistan,27.375,29.029,29.529,31.111,32.423,35.888000000000005,37.260999999999996,39.835,43.331,43.379,43.315,44.013000000000005,44.18,44.467,41.824,44.298748596131695,46.752676042113116
Palau,0.031,0.031,0.049,0.049,0.051,0.051,0.052000000000000005,0.055,0.057,0.057,0.057,0.059,0.061,0.061,0.061,0.06511240710724979,0.06580558471047522
Panama,1.546,1.579,1.911,1.601,1.6780000000000002,1.5830000000000002,1.865,2.01,1.963,2.011,2.345,2.499,2.7539999999999996,2.75,2.826,2.9311525360201096,2.9789759107751173
Papua New Guinea,0.667,0.727,0.875,0.951,1.0759999999999998,1.224,1.196,1.175,1.669,1.308,1.389,1.272,1.426,1.358,1.656,1.7715990605559706,1.796231508120401
Paraguay,1.228,1.006,1.042,1.063,1.11,1.115,1.045,1.087,1.128,1.214,1.232,1.39,1.4509999999999998,1.42,1.3559999999999999,1.3868532237195916,1.4160423789409091
Peru,8.006,8.262,7.4079999999999995,7.4140000000000015,7.194,8.698,10.127,9.511,11.714,11.185,14.1,15.706,13.535,14.868,15.585999999999999,15.889004106864025,16.472962746999695
Philippines,18.86,19.991,19.375999999999998,19.454,19.507,20.198,20.407,18.46,19.680999999999997,21.505,21.153000000000002,23.158,23.339,24.903,26.79,28.437831484001563,30.918009715245837
Bolivia,3.0660000000000003,2.7880000000000003,2.6790000000000003,2.609,3.853,3.568,3.323,4.106,3.363,3.61,3.815,4.146,4.4030000000000005,5.125,5.372999999999999,5.551821772264676,5.62111905396496
Poland,89.89653339253738,87.09618043269819,86.04642291688727,83.93440016359101,87.39906399218985,88.50421666010963,88.2567080779662,91.83967765688813,91.7762311378853,89.8848720209823,86.2276107746427,91.16434353308,91.07905313735142,89.13695156924915,88.00231618493306,84.69085626581835,86.19670091342033
Portugal,18.266597804148763,17.948733269669198,17.87928811205379,18.899734440745487,17.481627344517094,18.21189771257985,18.896184707881574,17.635885996495627,16.907762527381617,16.33499983390583,15.567260651841217,14.309373230521455,13.933188549135592,13.479439425373373,12.959144723694124,12.886166875805758,13.841427941372908
Qatar,8.565,9.471,11.289000000000001,11.155,11.323,11.710999999999999,13.895999999999999,17.31,17.256,17.683,18.877,19.803,21.935,25.668000000000003,23.186,22.071376230082056,24.78442077879476
Cameroon,0.84,0.9359999999999999,0.9329999999999999,0.932,1.035,1.079,1.008,1.053,1.591,1.5119999999999998,1.834,1.849,1.5730000000000002,1.671,1.858,1.8801007443390247,1.952893057599203
"Korea, Rep.",109.044,122.051,122.76899999999999,126.979,127.13799999999999,131.518,126.24,128.349,135.172,138.421,138.768,154.54500000000004,160.731,159.28,161.576,161.36454041438958,161.6159424340979
Sudan,1.2733827103875257,1.3833941756477872,1.5924159596422842,2.0297115340518235,2.2680697087823902,2.8657986700298097,2.7457028204540244,3.0033130016051364,3.5313680348543914,3.72847191011236,3.8907388213712455,3.9851653290529705,3.914574638844302,3.998,4.212,4.1873450388576625,4.271432143655835
Romania,24.490213058174763,25.680647079608335,27.157751639644303,27.22617755287758,28.55631902562829,28.25279983653209,27.626675096396948,28.655520772133755,28.19687975321025,27.283602661096374,23.041044011698666,21.788758536632923,23.144829290627765,22.6896013309083,20.026969768160512,20.02315162129405,20.488454004271414
Russian Federation,412.94134123303456,410.62851762298413,421.0856938721312,418.0036428412642,428.18990116021797,430.01222252985883,435.1314728445802,451.33370699941054,451.29152767907533,459.9885492473674,430.41715730811234,453.8650158687558,468.7830321751242,471.58181989750847,454.9770249621771,456.3159981971376,441.40700140372286
Rwanda,0.139,0.14400000000000002,0.145,0.145,0.14200000000000002,0.14400000000000002,0.14400000000000002,0.14400000000000002,0.152,0.14800000000000002,0.157,0.161,0.18100000000000002,0.201,0.218,0.21566034338546716,0.22022931615688826
Sao Tome and Principe,0.013,0.013,0.013999999999999999,0.016,0.018000000000000002,0.02,0.021,0.023,0.023,0.023,0.025,0.027000000000000003,0.027999999999999997,0.031,0.031,0.03079542189630286,0.031493146802283434
Saudi Arabia,61.756,80.97500000000002,81.051,89.012,89.24799999999999,107.945,108.43799999999999,118.009,105.74799999999999,117.31,127.834,141.95600000000002,136.55,154.349,147.649,156.92361470469447,163.90063132814427
Senegal,1.009,1.074,1.181,1.23,1.357,1.4269999999999998,1.585,1.29,1.413,1.389,1.25,2.112,2.282,2.158,2.2969999999999997,2.3695215583459914,2.3914679541525112
Serbia,9.675006892963976,10.746708804786058,11.547372610222395,12.345163220184679,13.200417739628039,14.423441279750293,15.715421511249836,14.728,14.305,14.208,12.594000000000001,12.524,13.415,12.015999999999998,12.235999999999999,11.599670634079098,12.143811945102616
Seychelles,0.139,0.156,0.173,0.147,0.15,0.201,0.188,0.2,0.17500000000000002,0.18899999999999997,0.20199999999999999,0.188,0.163,0.192,0.17600000000000002,0.17483852431449368,0.17879980120006073
Sierra Leone,0.1,0.11599999999999999,0.155,0.166,0.17800000000000002,0.17500000000000002,0.149,0.2,0.17500000000000002,0.18100000000000002,0.17800000000000002,0.198,0.245,0.281,0.325,0.3231389991857228,0.32948604510464274
Singapore,13.654000000000002,13.364,13.51,12.88,8.49,7.7650000000000015,8.279,8.399000000000001,5.434,9.854,10.095,11.984000000000002,10.452,14.897,13.787,14.377520291749658,15.02608762098098
Slovak Republic,11.785293254669593,11.232262950495342,11.863562595947366,11.351946847066817,11.479407819257819,11.620349041948181,11.621458106306873,11.550350567568715,11.114983579827078,11.25445525025491,10.216548422247016,10.476512697381608,10.338660792997636,9.789273000609088,9.660249689662628,9.112289498479397,9.319816583677973
Slovenia,4.19024875477216,4.219474392232796,4.4718220908278985,4.510456526059024,4.445793094240713,4.541258487946156,4.622905093269409,4.675164297599848,4.71407728894072,4.972633851613393,4.456389283099936,4.466001575543958,4.461855652493832,4.312278176517475,4.134477451748773,3.681763110045995,3.786500439986503
Solomon Islands,0.04,0.04,0.042,0.042,0.044000000000000004,0.044000000000000004,0.044000000000000004,0.044000000000000004,0.048,0.05,0.052000000000000005,0.053,0.054000000000000006,0.054000000000000006,0.054000000000000006,0.05764049153756539,0.058254124169928874
South Africa,102.32799999999999,103.26299999999999,101.457,97.256,110.29700000000001,122.76700000000001,113.694,122.14200000000001,127.471,135.695,137.241,129.28799999999998,129.54399999999998,128.735,128.50799999999998,131.12003272867844,126.14142744640004
Spain,81.4768089282299,85.04359276308081,85.26075413864865,90.66616887354091,91.88657819747505,96.47178284070485,100.6400295873317,98.27056122258664,100.24352708827331,91.70163856989966,80.95469188004462,77.39667048507755,77.48872248768123,76.37290072518246,68.8481688013517,69.17765228105235,74.38341523991829
Sri Lanka,2.35,2.7920000000000003,2.8480000000000003,3.015,3.0210000000000004,3.3539999999999996,3.3000000000000003,3.266,3.3689999999999998,3.3289999999999997,3.593,3.733,4.154,4.425,4.37,4.633637534969549,4.688064125356265
St. Kitts and Nevis,0.05,0.05,0.05,0.054000000000000006,0.06,0.062,0.064,0.064,0.068,0.068,0.07100000000000001,0.07100000000000001,0.073,0.076,0.076,0.07784924684754653,0.07959875457374535
St. Vincent and the Grenadines,0.045,0.04,0.049,0.051,0.054000000000000006,0.06,0.06,0.06,0.062,0.062,0.085,0.06,0.054000000000000006,0.069,0.057,0.05838693513565987,0.05969906593030901
Suriname,0.607,0.627,0.674,0.461,0.461,0.455,0.46,0.49700000000000005,0.515,0.541,0.562,0.716,0.5920000000000001,0.684,0.5730000000000001,0.5867585903892363,0.5996718230094154
Swaziland,0.33799999999999997,0.324,0.312,0.307,0.28400000000000003,0.281,0.278,0.27699999999999997,0.29,0.299,0.28500000000000003,0.28300000000000003,0.28600000000000003,0.32899999999999996,0.297,0.3334857652915238,0.3322251766826421
Sweden,15.245965943100881,14.93734290776141,15.198347639170475,15.4563035395171,15.612335991813765,15.400874220173144,14.699564881508547,14.655473780859015,14.44097345177067,13.87324694715614,12.900504003087521,14.480822771350105,13.409821764026086,12.707325333796367,12.254135353634991,11.846316367626882,11.609314730172775
Switzerland,12.105497576055656,11.884814330108204,12.282281324844416,11.837878152421027,12.169208588182812,12.322507393371177,12.494020048342431,12.377503273862116,11.834166402208837,12.193489073841619,11.874750698172846,12.289045982495164,11.1826280478209,11.528808298366348,11.78538740161416,10.716444484594751,11.002684158129588
Tajikistan,0.687,0.61,0.625,0.513,0.5660000000000001,0.6990000000000001,0.6659999999999999,0.725,0.882,0.792,0.669,0.6940000000000001,0.6409999999999999,0.833,0.978,0.9633935245578245,0.9849404352858798
Thailand,48.03,49.433,53.068000000000005,56.81,61.242,66.318,67.485,69.545,69.622,69.637,73.744,78.699,79.17699999999999,83.235,82.661,84.43151932031918,85.23302449318223
Togo,0.419,0.371,0.317,0.336,0.39899999999999997,0.381,0.365,0.33299999999999996,0.384,0.45899999999999996,0.759,0.7120000000000001,0.657,0.59,0.608,0.6050963107862342,0.6149995030001519
Tonga,0.03,0.026,0.024,0.027999999999999997,0.032,0.03,0.031,0.035,0.031,0.033,0.036000000000000004,0.032,0.027999999999999997,0.049,0.057,0.06084274106743014,0.06149046440159159
Trinidad and Tobago,6.222,6.516,6.857,7.4239999999999995,7.609,8.402999999999999,8.048,12.662,13.145,12.718,12.237,13.065,12.79,12.373,12.692,12.52315158701298,12.346806887376662
Tunisia,4.999,5.433,5.6770000000000005,5.689,5.7940000000000005,6.081,6.18,6.2700000000000005,6.575,6.7700000000000005,6.76,7.542999999999999,7.096,7.364,7.545,7.961043896043409,8.593518771954956
Turkey,56.328771786055725,63.46866525782745,59.35303037270965,61.780953069865944,65.74848877528197,69.09718297844738,76.18197074630919,82.47706183945012,90.92969944040556,88.30145882800656,84.76547517338281,87.43358596422856,92.27467472098171,99.10644302620241,96.87801372080853,104.31588473971254,105.43495317200373
Turkmenistan,10.275,10.237,10.383,10.899,12.163,12.692,13.182,13.502,15.283,15.498,13.728,15.623,17.069000000000003,17.724,18.242,21.016224906875927,24.76482728859984
Uganda,0.358,0.39,0.412,0.425,0.436,0.474,0.5920000000000001,0.6920000000000001,0.7879999999999999,0.87,0.922,1.069,1.163,1.114,1.335,1.3733417245505175,1.3878300241372583
Ukraine,77.54082132083343,74.08017847180038,79.35990985441806,76.94851247866896,77.98048033229519,80.99173895523964,83.88140924941119,88.8609776261038,90.08931517733186,86.53489184748743,73.58035530246157,78.36070043263794,82.22530081003616,80.70580358827958,78.44880032051714,67.56583543711233,54.996826248762325
United Arab Emirates,21.373,30.695999999999998,27.656,23.099,29.136,30.881,31.674,33.781,36.986,42.911,45.803,43.854,43.519,47.001999999999995,46.12,46.2849542358654,48.16949326988095
United Kingdom,151.15380708136885,153.18800932968514,155.75792312461655,151.26300103693,154.3328385227621,154.63923690369052,153.8710528260268,153.40695818329257,151.1244375068184,147.35703143876262,133.46411039431342,138.53594759520158,126.87929828792394,132.20198973512686,129.86682603354996,118.66663671756773,113.7551115919002
Tanzania,0.6920000000000001,0.723,0.853,0.9790000000000001,1.038,1.19,1.501,1.644,1.608,1.675,1.614,1.9380000000000002,2.207,2.603,2.932,3.0091238126146136,3.1377204156497385
United States,1588.1473799126638,1635.4907205240177,1608.7508187772926,1620.0161026200876,1632.7207969432316,1664.0223799126638,1671.055403930131,1649.125,1670.757096069869,1616.5941593886462,1497.9039301310042,1552.60807860262,1517.3329694323145,1459.940229257642,1501.7879366812226,1516.3774563318775,1477.501915227269
Uruguay,1.834,1.4469999999999998,1.388,1.26,1.254,1.53,1.575,1.8130000000000002,1.6369999999999998,2.259,2.202,1.74,2.117,2.371,2.074,2.1226647540007275,2.1668094605847608
Uzbekistan,32.266,33.013000000000005,33.597,34.927,33.7,32.813,30.781999999999996,31.489,31.506,32.481,29.215,28.406999999999996,31.002,31.583,28.15,29.22297546196539,29.834930572370766
Vanuatu,0.023,0.023,0.024,0.023,0.023,0.016,0.016,0.013,0.027000000000000003,0.026,0.033,0.033,0.036000000000000004,0.031,0.028999999999999998,0.030955078788692525,0.03128462223940625
"Venezuela, RB",47.211000000000006,41.566,47.065,52.718,52.387,41.378,45.022,46.227,43.847,48.845,49.028999999999996,51.56,48.761,54.17,50.595,49.576528289830634,47.68826060443041
Vietnam,13.005999999999998,14.629000000000001,16.673000000000002,19.309,21.48,24.693,26.764,28.019,28.599,32.177,36.792,40.18,44.147,43.15,41.621,45.96052378496461,50.2757801094124
"Yemen, Rep.",3.7889999999999997,3.992,4.4319999999999995,4.2989999999999995,4.718999999999999,5.149,5.466,5.671,5.718999999999999,6.0920000000000005,6.6979999999999995,6.3900000000000015,5.3629999999999995,4.988,6.912000000000001,7.0819606720682415,7.124620733824522
Zambia,0.493,0.49700000000000005,0.52,0.541,0.5760000000000001,0.585,0.624,0.5720000000000001,0.485,0.595,0.6890000000000001,0.7390000000000001,0.8,0.949,1.043,1.0992136045191616,1.1062026624053911
Zimbabwe,4.3180000000000005,3.7969999999999997,3.435,3.263,2.906,2.5869999999999997,2.9370000000000003,2.8489999999999998,2.696,2.119,2.273,2.5269999999999997,3.1710000000000003,3.5269999999999997,3.758,4.63412383570191,4.529073749998378
World,6623.552607009196,6785.099388860133,6974.110972518221,7073.644206146445,7473.479409114852,7854.862407671695,8233.377793178006,8526.107949230352,8775.553032306176,8963.83353840001,8871.867434442473,9207.41144112705,9543.42285271299,9686.631690611735,9821.560919032068,9890.947817757366,9896.70604570503
